[
{
  "model": "api.placeinside",
  "pk": 83,
  "fields": {
    "name": "동아아울렛 강북점",
    "category": "복합쇼핑몰",
    "address_road": "대구광역시 북구 칠곡중앙대로 416 (읍내동)",
    "address": "대구광역시 북구 읍내동 1343-6호",
    "lon": 128.5492031445655,
    "lat": 35.93432382928432,
    "is_active": true,
    "source": "inside_xlsx",
    "created_at": "2025-09-19T07:37:23.598Z",
    "raw": {
      "Unnamed: 0": 0,
      "소재지전체주소": "대구광역시 북구 읍내동 1343-6호",
      "도로명전체주소": "대구광역시 북구 칠곡중앙대로 416 (읍내동)",
      "도로명우편번호": "702-200",
      "사업장명": "동아아울렛 강북점",
      "업태구분명": "복합쇼핑몰",
      "좌표정보x(epsg5174)": 339731.40434905,
      "좌표정보y(epsg5174)": 271557.940207262,
      "점포구분명": "대규모점포",
      "x": 339731.40434905,
      "y": 271557.940207262,
      "lon": 128.5492031445655,
      "lat": 35.93432382928432
    },
    "postal_code": "702-200",
    "epsg5174_x": null,
    "epsg5174_y": null
  }
},
{
  "model": "api.placeinside",
  "pk": 84,
  "fields": {
    "name": "대구종합유통단지 전기조명관사업협동조합",
    "category": "복합쇼핑몰",
    "address_road": "대구광역시 북구 유통단지로 50 (산격동)",
    "address": "대구광역시 북구 산격동 1666호",
    "lon": 128.6084423340904,
    "lat": 35.90552728122925,
    "is_active": true,
    "source": "inside_xlsx",
    "created_at": "2025-09-19T07:37:23.608Z",
    "raw": {
      "Unnamed: 0": 1,
      "소재지전체주소": "대구광역시 북구 산격동 1666호",
      "도로명전체주소": "대구광역시 북구 유통단지로 50 (산격동)",
      "도로명우편번호": "",
      "사업장명": "대구종합유통단지 전기조명관사업협동조합",
      "업태구분명": "복합쇼핑몰",
      "좌표정보x(epsg5174)": 345130.313235816,
      "좌표정보y(epsg5174)": 268448.723535185,
      "점포구분명": "대규모점포",
      "x": 345130.313235816,
      "y": 268448.723535185,
      "lon": 128.6084423340904,
      "lat": 35.90552728122925
    },
    "postal_code": "",
    "epsg5174_x": null,
    "epsg5174_y": null
  }
},
{
  "model": "api.placeinside",
  "pk": 85,
  "fields": {
    "name": "뉴코아 덕천점",
    "category": "복합쇼핑몰",
    "address_road": "부산광역시 북구 만덕대로 23 (덕천동)",
    "address": "부산광역시 북구 덕천2동 398번지 2호",
    "lon": 129.0075243521709,
    "lat": 35.21116989492031,
    "is_active": true,
    "source": "inside_xlsx",
    "created_at": "2025-09-19T07:37:23.608Z",
    "raw": {
      "Unnamed: 0": 2,
      "소재지전체주소": "부산광역시 북구 덕천2동 398번지 2호",
      "도로명전체주소": "부산광역시 북구 만덕대로 23 (덕천동)",
      "도로명우편번호": "616-819",
      "사업장명": "뉴코아 덕천점",
      "업태구분명": "복합쇼핑몰",
      "좌표정보x(epsg5174)": 382731.210151804,
      "좌표정보y(epsg5174)": 192059.745558294,
      "점포구분명": "대규모점포",
      "x": 382731.210151804,
      "y": 192059.745558294,
      "lon": 129.0075243521709,
      "lat": 35.21116989492031
    },
    "postal_code": "616-819",
    "epsg5174_x": null,
    "epsg5174_y": null
  }
},
{
  "model": "api.placeinside",
  "pk": 86,
  "fields": {
    "name": "고려쇼핑센터",
    "category": "복합쇼핑몰",
    "address_road": "부산광역시 사상구 사상로 201 (괘법동)",
    "address": "부산광역시 사상구 괘법동 533번지 1호",
    "lon": 128.981970854417,
    "lat": 35.16332705015056,
    "is_active": true,
    "source": "inside_xlsx",
    "created_at": "2025-09-19T07:37:23.610Z",
    "raw": {
      "Unnamed: 0": 3,
      "소재지전체주소": "부산광역시 사상구 괘법동 533번지 1호",
      "도로명전체주소": "부산광역시 사상구 사상로 201 (괘법동)",
      "도로명우편번호": "617-727",
      "사업장명": "고려쇼핑센터",
      "업태구분명": "복합쇼핑몰",
      "좌표정보x(epsg5174)": 380509.783074122,
      "좌표정보y(epsg5174)": 186704.067271609,
      "점포구분명": "대규모점포",
      "x": 380509.783074122,
      "y": 186704.067271609,
      "lon": 128.981970854417,
      "lat": 35.16332705015056
    },
    "postal_code": "617-727",
    "epsg5174_x": null,
    "epsg5174_y": null
  }
},
{
  "model": "api.placeinside",
  "pk": 87,
  "fields": {
    "name": "부산산업용재 유통상가",
    "category": "복합쇼핑몰",
    "address_road": "부산광역시 사상구 새벽로 131 (감전동)",
    "address": "부산광역시 사상구 감전동 152번지 2호",
    "lon": 128.9814295544613,
    "lat": 35.15322662034685,
    "is_active": true,
    "source": "inside_xlsx",
    "created_at": "2025-09-19T07:37:23.611Z",
    "raw": {
      "Unnamed: 0": 4,
      "소재지전체주소": "부산광역시 사상구 감전동 152번지 2호",
      "도로명전체주소": "부산광역시 사상구 새벽로 131 (감전동)",
      "도로명우편번호": "617-721",
      "사업장명": "부산산업용재 유통상가",
      "업태구분명": "복합쇼핑몰",
      "좌표정보x(epsg5174)": 380482.767624189,
      "좌표정보y(epsg5174)": 185582.274947583,
      "점포구분명": "대규모점포",
      "x": 380482.767624189,
      "y": 185582.274947583,
      "lon": 128.9814295544613,
      "lat": 35.15322662034685
    },
    "postal_code": "617-721",
    "epsg5174_x": null,
    "epsg5174_y": null
  }
},
{
  "model": "api.placeinside",
  "pk": 88,
  "fields": {
    "name": "업스퀘어",
    "category": "복합쇼핑몰",
    "address_road": "울산광역시 남구 화합로 185 (삼산동)",
    "address": "울산광역시 남구 삼산동 1569번지 1호",
    "lon": 129.3388287466238,
    "lat": 35.54196271463051,
    "is_active": true,
    "source": "inside_xlsx",
    "created_at": "2025-09-19T07:37:23.611Z",
    "raw": {
      "Unnamed: 0": 5,
      "소재지전체주소": "울산광역시 남구 삼산동 1569번지 1호",
      "도로명전체주소": "울산광역시 남구 화합로 185 (삼산동)",
      "도로명우편번호": "680-817",
      "사업장명": "업스퀘어",
      "업태구분명": "복합쇼핑몰",
      "좌표정보x(epsg5174)": 412037.511441268,
      "좌표정보y(epsg5174)": 229430.455341277,
      "점포구분명": "대규모점포",
      "x": 412037.511441268,
      "y": 229430.455341277,
      "lon": 129.3388287466238,
      "lat": 35.54196271463051
    },
    "postal_code": "680-817",
    "epsg5174_x": null,
    "epsg5174_y": null
  }
},
{
  "model": "api.placeinside",
  "pk": 89,
  "fields": {
    "name": "펜타포트 복합쇼핑몰",
    "category": "복합쇼핑몰",
    "address_road": "충청남도 천안시 서북구 공원로 196 (불당동,펜타포트(1~3층))",
    "address": "충청남도 천안시 서북구 불당동 1289번지 펜타포트(1~3층)",
    "lon": 127.10137535018,
    "lat": 36.7982884124054,
    "is_active": true,
    "source": "inside_xlsx",
    "created_at": "2025-09-19T07:37:23.612Z",
    "raw": {
      "Unnamed: 0": 6,
      "소재지전체주소": "충청남도 천안시 서북구 불당동 1289번지 펜타포트(1~3층)",
      "도로명전체주소": "충청남도 천안시 서북구 공원로 196 (불당동,펜타포트(1~3층))",
      "도로명우편번호": "",
      "사업장명": "펜타포트 복합쇼핑몰",
      "업태구분명": "복합쇼핑몰",
      "좌표정보x(epsg5174)": 208976.4764518,
      "좌표정보y(epsg5174)": 366326.634370741,
      "점포구분명": "대규모점포",
      "x": 208976.4764518,
      "y": 366326.634370741,
      "lon": 127.10137535018,
      "lat": 36.7982884124054
    },
    "postal_code": "",
    "epsg5174_x": null,
    "epsg5174_y": null
  }
},
{
  "model": "api.placeinside",
  "pk": 90,
  "fields": {
    "name": "의정부역지하상가",
    "category": "복합쇼핑몰",
    "address_road": "경기도 의정부시 시민로 지하 100 (의정부동, 의정부지하상가)",
    "address": "경기도 의정부시 의정부동 495번지",
    "lon": 127.0449867079792,
    "lat": 37.73841298672329,
    "is_active": true,
    "source": "inside_xlsx",
    "created_at": "2025-09-19T07:37:23.613Z",
    "raw": {
      "Unnamed: 0": 7,
      "소재지전체주소": "경기도 의정부시 의정부동 495번지",
      "도로명전체주소": "경기도 의정부시 시민로 지하 100 (의정부동, 의정부지하상가)",
      "도로명우편번호": 11696,
      "사업장명": "의정부역지하상가",
      "업태구분명": "복합쇼핑몰",
      "좌표정보x(epsg5174)": 203896.021836361,
      "좌표정보y(epsg5174)": 470661.250530153,
      "점포구분명": "대규모점포",
      "x": 203896.021836361,
      "y": 470661.250530153,
      "lon": 127.0449867079792,
      "lat": 37.73841298672329
    },
    "postal_code": "11696",
    "epsg5174_x": null,
    "epsg5174_y": null
  }
},
{
  "model": "api.placeinside",
  "pk": 91,
  "fields": {
    "name": "롯데프리미엄아울렛 기흥점",
    "category": "복합쇼핑몰",
    "address_road": "경기도 용인시 기흥구 신고매로 124 (고매동)",
    "address": "경기도 용인시 기흥구 고매동 280번지",
    "lon": 127.1196367768476,
    "lat": 37.22499886930515,
    "is_active": true,
    "source": "inside_xlsx",
    "created_at": "2025-09-19T07:37:23.614Z",
    "raw": {
      "Unnamed: 0": 8,
      "소재지전체주소": "경기도 용인시 기흥구 고매동 280번지",
      "도로명전체주소": "경기도 용인시 기흥구 신고매로 124 (고매동)",
      "도로명우편번호": 17087,
      "사업장명": "롯데프리미엄아울렛 기흥점",
      "업태구분명": "복합쇼핑몰",
      "좌표정보x(epsg5174)": 210547.479033545,
      "좌표정보y(epsg5174)": 413684.298426578,
      "점포구분명": "대규모점포",
      "x": 210547.479033545,
      "y": 413684.298426578,
      "lon": 127.1196367768476,
      "lat": 37.22499886930515
    },
    "postal_code": "17087",
    "epsg5174_x": null,
    "epsg5174_y": null
  }
},
{
  "model": "api.placeinside",
  "pk": 92,
  "fields": {
    "name": "트레이더스 홀세일 클럽 비산점",
    "category": "복합쇼핑몰",
    "address_road": "대구광역시 서구 팔달로 54 (비산동)",
    "address": "대구광역시 서구 비산7동 1610번지 3호",
    "lon": 128.5558472027821,
    "lat": 35.88991824501026,
    "is_active": true,
    "source": "inside_xlsx",
    "created_at": "2025-09-19T07:37:23.614Z",
    "raw": {
      "Unnamed: 0": 10,
      "소재지전체주소": "대구광역시 서구 비산7동 1610번지 3호",
      "도로명전체주소": "대구광역시 서구 팔달로 54 (비산동)",
      "도로명우편번호": "",
      "사업장명": "트레이더스 홀세일 클럽 비산점",
      "업태구분명": "복합쇼핑몰",
      "좌표정보x(epsg5174)": 340409.451859605,
      "좌표정보y(epsg5174)": 266639.73934924,
      "점포구분명": "대규모점포",
      "x": 340409.451859605,
      "y": 266639.73934924,
      "lon": 128.5558472027821,
      "lat": 35.88991824501026
    },
    "postal_code": "",
    "epsg5174_x": null,
    "epsg5174_y": null
  }
},
{
  "model": "api.placeinside",
  "pk": 93,
  "fields": {
    "name": "동아백화점 수성점",
    "category": "복합쇼핑몰",
    "address_road": "대구광역시 수성구 지범로 191 (범물동,동아백화점수성점)",
    "address": "대구광역시 수성구 범물1동 1273번지 동아백화점수성점",
    "lon": 128.6406454802613,
    "lat": 35.82124877547308,
    "is_active": true,
    "source": "inside_xlsx",
    "created_at": "2025-09-19T07:37:23.615Z",
    "raw": {
      "Unnamed: 0": 11,
      "소재지전체주소": "대구광역시 수성구 범물1동 1273번지 동아백화점수성점",
      "도로명전체주소": "대구광역시 수성구 지범로 191 (범물동,동아백화점수성점)",
      "도로명우편번호": "",
      "사업장명": "동아백화점 수성점",
      "업태구분명": "복합쇼핑몰",
      "좌표정보x(epsg5174)": 348194.499420792,
      "좌표정보y(epsg5174)": 259144.519321173,
      "점포구분명": "대규모점포",
      "x": 348194.499420792,
      "y": 259144.519321173,
      "lon": 128.6406454802613,
      "lat": 35.82124877547308
    },
    "postal_code": "",
    "epsg5174_x": null,
    "epsg5174_y": null
  }
},
{
  "model": "api.placeinside",
  "pk": 94,
  "fields": {
    "name": "수성하이츠 쇼핑몰",
    "category": "복합쇼핑몰",
    "address_road": "대구광역시 수성구 수성로 393 (수성동4가,수성하이츠 쇼핑몰)",
    "address": "대구광역시 수성구 수성동4가 1090번지 8호 수성하이츠 쇼핑몰",
    "lon": 128.6134449229807,
    "lat": 35.86092420823048,
    "is_active": true,
    "source": "inside_xlsx",
    "created_at": "2025-09-19T07:37:23.615Z",
    "raw": {
      "Unnamed: 0": 12,
      "소재지전체주소": "대구광역시 수성구 수성동4가 1090번지 8호 수성하이츠 쇼핑몰",
      "도로명전체주소": "대구광역시 수성구 수성로 393 (수성동4가,수성하이츠 쇼핑몰)",
      "도로명우편번호": "",
      "사업장명": "수성하이츠 쇼핑몰",
      "업태구분명": "복합쇼핑몰",
      "좌표정보x(epsg5174)": 345663.599838521,
      "좌표정보y(epsg5174)": 263506.500129769,
      "점포구분명": "대규모점포",
      "x": 345663.599838521,
      "y": 263506.500129769,
      "lon": 128.6134449229807,
      "lat": 35.86092420823048
    },
    "postal_code": "",
    "epsg5174_x": null,
    "epsg5174_y": null
  }
},
{
  "model": "api.placeinside",
  "pk": 95,
  "fields": {
    "name": "스타필드 하남",
    "category": "복합쇼핑몰",
    "address_road": "경기도 하남시 미사대로 750 (신장동, 스타필드하남)",
    "address": "경기도 하남시 신장동 616번지 지역현안사업2지구 내 물류유통시설용지",
    "lon": 127.22369678682,
    "lat": 37.54548510885499,
    "is_active": true,
    "source": "inside_xlsx",
    "created_at": "2025-09-19T07:37:23.616Z",
    "raw": {
      "Unnamed: 0": 13,
      "소재지전체주소": "경기도 하남시 신장동 616번지 지역현안사업2지구 내 물류유통시설용지",
      "도로명전체주소": "경기도 하남시 미사대로 750 (신장동, 스타필드하남)",
      "도로명우편번호": 12942,
      "사업장명": "스타필드 하남",
      "업태구분명": "복합쇼핑몰",
      "좌표정보x(epsg5174)": 219699.010520355,
      "좌표정보y(epsg5174)": 449270.371200837,
      "점포구분명": "대규모점포",
      "x": 219699.010520355,
      "y": 449270.371200837,
      "lon": 127.22369678682,
      "lat": 37.54548510885499
    },
    "postal_code": "12942",
    "epsg5174_x": null,
    "epsg5174_y": null
  }
},
{
  "model": "api.placeinside",
  "pk": 96,
  "fields": {
    "name": "강릉 씨네몰",
    "category": "복합쇼핑몰",
    "address_road": "강원특별자치도 강릉시 경강로 2120 (옥천동)",
    "address": "강원특별자치도 강릉시 옥천동 189번지",
    "lon": 128.8986782298749,
    "lat": 37.75570174866323,
    "is_active": true,
    "source": "inside_xlsx",
    "created_at": "2025-09-19T07:37:23.617Z",
    "raw": {
      "Unnamed: 0": 14,
      "소재지전체주소": "강원특별자치도 강릉시 옥천동 189번지",
      "도로명전체주소": "강원특별자치도 강릉시 경강로 2120 (옥천동)",
      "도로명우편번호": "",
      "사업장명": "강릉 씨네몰",
      "업태구분명": "복합쇼핑몰",
      "좌표정보x(epsg5174)": 367257.089561415,
      "좌표정보y(epsg5174)": 474274.357968797,
      "점포구분명": "대규모점포",
      "x": 367257.089561415,
      "y": 474274.357968797,
      "lon": 128.8986782298749,
      "lat": 37.75570174866323
    },
    "postal_code": "",
    "epsg5174_x": null,
    "epsg5174_y": null
  }
},
{
  "model": "api.placeinside",
  "pk": 97,
  "fields": {
    "name": "동소문스카이상가",
    "category": "복합쇼핑몰",
    "address_road": "서울특별시 성북구 성북로4길 52 (돈암동)",
    "address": "서울특별시 성북구 돈암동 609번지 1호",
    "lon": 127.0103186561925,
    "lat": 37.59480784799897,
    "is_active": true,
    "source": "inside_xlsx",
    "created_at": "2025-09-19T07:37:23.617Z",
    "raw": {
      "Unnamed: 0": 15,
      "소재지전체주소": "서울특별시 성북구 돈암동 609번지 1호",
      "도로명전체주소": "서울특별시 성북구 성북로4길 52 (돈암동)",
      "도로명우편번호": "136-751",
      "사업장명": "동소문스카이상가",
      "업태구분명": "복합쇼핑몰",
      "좌표정보x(epsg5174)": 200841.726990037,
      "좌표정보y(epsg5174)": 454721.505180141,
      "점포구분명": "대규모점포",
      "x": 200841.726990037,
      "y": 454721.505180141,
      "lon": 127.0103186561925,
      "lat": 37.59480784799897
    },
    "postal_code": "136-751",
    "epsg5174_x": null,
    "epsg5174_y": null
  }
},
{
  "model": "api.placeinside",
  "pk": 98,
  "fields": {
    "name": "고덕비즈밸리 유통판매 복합시설",
    "category": "복합쇼핑몰",
    "address_road": "",
    "address": "서울특별시 강동구 고덕동 353-23",
    "lon": 127.1575308193167,
    "lat": 37.5662606440341,
    "is_active": true,
    "source": "inside_xlsx",
    "created_at": "2025-09-19T07:37:23.618Z",
    "raw": {
      "Unnamed: 0": 16,
      "소재지전체주소": "서울특별시 강동구 고덕동 353-23",
      "도로명전체주소": "",
      "도로명우편번호": "",
      "사업장명": "고덕비즈밸리 유통판매 복합시설",
      "업태구분명": "복합쇼핑몰",
      "좌표정보x(epsg5174)": 213847.923700142,
      "좌표정보y(epsg5174)": 451564.469961363,
      "점포구분명": "대규모점포",
      "x": 213847.923700142,
      "y": 451564.469961363,
      "lon": 127.1575308193167,
      "lat": 37.5662606440341
    },
    "postal_code": "",
    "epsg5174_x": null,
    "epsg5174_y": null
  }
},
{
  "model": "api.placeinside",
  "pk": 99,
  "fields": {
    "name": "현대백화점 대구점",
    "category": "복합쇼핑몰",
    "address_road": "대구광역시 중구 달구벌대로 2077 (계산동2가)",
    "address": "대구광역시 중구 계산동2가 200 현대백화점",
    "lon": 128.5905922512428,
    "lat": 35.86674826934681,
    "is_active": true,
    "source": "inside_xlsx",
    "created_at": "2025-09-19T07:37:23.618Z",
    "raw": {
      "Unnamed: 0": 17,
      "소재지전체주소": "대구광역시 중구 계산동2가 200 현대백화점",
      "도로명전체주소": "대구광역시 중구 달구벌대로 2077 (계산동2가)",
      "도로명우편번호": 41936,
      "사업장명": "현대백화점 대구점",
      "업태구분명": "복합쇼핑몰",
      "좌표정보x(epsg5174)": 343588.735554802,
      "좌표정보y(epsg5174)": 264119.010750105,
      "점포구분명": "대규모점포",
      "x": 343588.735554802,
      "y": 264119.010750105,
      "lon": 128.5905922512428,
      "lat": 35.86674826934681
    },
    "postal_code": "41936",
    "epsg5174_x": null,
    "epsg5174_y": null
  }
},
{
  "model": "api.placeinside",
  "pk": 100,
  "fields": {
    "name": "LF 스퀘어 테라스몰 광양점",
    "category": "복합쇼핑몰",
    "address_road": "전라남도 광양시 광양읍 순광로 466 (LF스퀘어 테라스몰 광양점)",
    "address": "전라남도 광양시 광양읍 덕례리 739번지",
    "lon": 127.5668503041931,
    "lat": 34.96257103244852,
    "is_active": true,
    "source": "inside_xlsx",
    "created_at": "2025-09-19T07:37:23.619Z",
    "raw": {
      "Unnamed: 0": 18,
      "소재지전체주소": "전라남도 광양시 광양읍 덕례리 739번지",
      "도로명전체주소": "전라남도 광양시 광양읍 순광로 466 (LF스퀘어 테라스몰 광양점)",
      "도로명우편번호": 57764,
      "사업장명": "LF 스퀘어 테라스몰 광양점",
      "업태구분명": "복합쇼핑몰",
      "좌표정보x(epsg5174)": 251696.859112409,
      "좌표정보y(epsg5174)": 162781.271124753,
      "점포구분명": "대규모점포",
      "x": 251696.859112409,
      "y": 162781.271124753,
      "lon": 127.5668503041931,
      "lat": 34.96257103244852
    },
    "postal_code": "57764",
    "epsg5174_x": null,
    "epsg5174_y": null
  }
},
{
  "model": "api.placeinside",
  "pk": 101,
  "fields": {
    "name": "뉴코아순천점",
    "category": "복합쇼핑몰",
    "address_road": "전라남도 순천시  비봉2길  22 (조례동)",
    "address": "전라남도 순천시 조례동 766번지",
    "lon": 127.5199892253872,
    "lat": 34.97338527838319,
    "is_active": true,
    "source": "inside_xlsx",
    "created_at": "2025-09-19T07:37:23.620Z",
    "raw": {
      "Unnamed: 0": 19,
      "소재지전체주소": "전라남도 순천시 조례동 766번지",
      "도로명전체주소": "전라남도 순천시  비봉2길  22 (조례동)",
      "도로명우편번호": "540-715",
      "사업장명": "뉴코아순천점",
      "업태구분명": "복합쇼핑몰",
      "좌표정보x(epsg5174)": 247410.736823692,
      "좌표정보y(epsg5174)": 163957.828214531,
      "점포구분명": "대규모점포",
      "x": 247410.736823692,
      "y": 163957.828214531,
      "lon": 127.5199892253872,
      "lat": 34.97338527838319
    },
    "postal_code": "540-715",
    "epsg5174_x": null,
    "epsg5174_y": null
  }
},
{
  "model": "api.placeinside",
  "pk": 102,
  "fields": {
    "name": "동성타워프라자",
    "category": "복합쇼핑몰",
    "address_road": "서울특별시 중랑구 봉화산로 221 (신내동)",
    "address": "서울특별시 중랑구 신내1동 786번지 동성타워프라자",
    "lon": 127.0972792973745,
    "lat": 37.60805317445892,
    "is_active": true,
    "source": "inside_xlsx",
    "created_at": "2025-09-19T07:37:23.620Z",
    "raw": {
      "Unnamed: 0": 20,
      "소재지전체주소": "서울특별시 중랑구 신내1동 786번지 동성타워프라자",
      "도로명전체주소": "서울특별시 중랑구 봉화산로 221 (신내동)",
      "도로명우편번호": "131-867",
      "사업장명": "동성타워프라자",
      "업태구분명": "복합쇼핑몰",
      "좌표정보x(epsg5174)": 208520.092335397,
      "좌표정보y(epsg5174)": 456195.877460936,
      "점포구분명": "대규모점포",
      "x": 208520.092335397,
      "y": 456195.877460936,
      "lon": 127.0972792973745,
      "lat": 37.60805317445892
    },
    "postal_code": "131-867",
    "epsg5174_x": null,
    "epsg5174_y": null
  }
},
{
  "model": "api.placeinside",
  "pk": 103,
  "fields": {
    "name": "이노시티",
    "category": "복합쇼핑몰",
    "address_road": "서울특별시 중랑구 망우로 353-0 (상봉동, 프레미어스 엠코)",
    "address": "",
    "lon": 127.090513696467,
    "lat": 37.59810117786604,
    "is_active": true,
    "source": "inside_xlsx",
    "created_at": "2025-09-19T07:37:23.621Z",
    "raw": {
      "Unnamed: 0": 21,
      "소재지전체주소": "",
      "도로명전체주소": "서울특별시 중랑구 망우로 353-0 (상봉동, 프레미어스 엠코)",
      "도로명우편번호": "131-857",
      "사업장명": "이노시티",
      "업태구분명": "복합쇼핑몰",
      "좌표정보x(epsg5174)": 207923.745922676,
      "좌표정보y(epsg5174)": 455090.718335439,
      "점포구분명": "대규모점포",
      "x": 207923.745922676,
      "y": 455090.718335439,
      "lon": 127.090513696467,
      "lat": 37.59810117786604
    },
    "postal_code": "131-857",
    "epsg5174_x": null,
    "epsg5174_y": null
  }
},
{
  "model": "api.placeinside",
  "pk": 104,
  "fields": {
    "name": "파크에비뉴 엔터식스 한양대점",
    "category": "복합쇼핑몰",
    "address_road": "서울특별시 성동구 왕십리로 241 (행당동)",
    "address": "",
    "lon": 127.0401909672962,
    "lat": 37.55648527618073,
    "is_active": true,
    "source": "inside_xlsx",
    "created_at": "2025-09-19T07:37:23.622Z",
    "raw": {
      "Unnamed: 0": 22,
      "소재지전체주소": "",
      "도로명전체주소": "서울특별시 성동구 왕십리로 241 (행당동)",
      "도로명우편번호": "133-866",
      "사업장명": "파크에비뉴 엔터식스 한양대점",
      "업태구분명": "복합쇼핑몰",
      "좌표정보x(epsg5174)": 203481.628249668,
      "좌표정보y(epsg5174)": 450468.773302861,
      "점포구분명": "대규모점포",
      "x": 203481.628249668,
      "y": 450468.773302861,
      "lon": 127.0401909672962,
      "lat": 37.55648527618073
    },
    "postal_code": "133-866",
    "epsg5174_x": null,
    "epsg5174_y": null
  }
},
{
  "model": "api.placeinside",
  "pk": 105,
  "fields": {
    "name": "대호프라자상가",
    "category": "복합쇼핑몰",
    "address_road": "서울특별시 은평구 불광로 90-0 (불광동)",
    "address": "서울특별시 은평구 불광동 631번지 1호",
    "lon": 126.9328606715384,
    "lat": 37.61475431534669,
    "is_active": true,
    "source": "inside_xlsx",
    "created_at": "2025-09-19T07:37:23.622Z",
    "raw": {
      "Unnamed: 0": 23,
      "소재지전체주소": "서울특별시 은평구 불광동 631번지 1호",
      "도로명전체주소": "서울특별시 은평구 불광로 90-0 (불광동)",
      "도로명우편번호": "",
      "사업장명": "대호프라자상가",
      "업태구분명": "복합쇼핑몰",
      "좌표정보x(epsg5174)": 194002.701726955,
      "좌표정보y(epsg5174)": 456937.542510222,
      "점포구분명": "대규모점포",
      "x": 194002.701726955,
      "y": 456937.542510222,
      "lon": 126.9328606715384,
      "lat": 37.61475431534669
    },
    "postal_code": "",
    "epsg5174_x": null,
    "epsg5174_y": null
  }
},
{
  "model": "api.placeinside",
  "pk": 106,
  "fields": {
    "name": "신동아쇼핑센터",
    "category": "복합쇼핑몰",
    "address_road": "서울특별시 용산구 이촌로 352, 신동아쇼핑 (용산동6가)",
    "address": "서울특별시 용산구 용산동6가 69-167 신동아쇼핑",
    "lon": 126.9852112550958,
    "lat": 37.51725567571078,
    "is_active": true,
    "source": "inside_xlsx",
    "created_at": "2025-09-19T07:37:23.623Z",
    "raw": {
      "Unnamed: 0": 24,
      "소재지전체주소": "서울특별시 용산구 용산동6가 69-167 신동아쇼핑",
      "도로명전체주소": "서울특별시 용산구 이촌로 352, 신동아쇼핑 (용산동6가)",
      "도로명우편번호": 4428,
      "사업장명": "신동아쇼핑센터",
      "업태구분명": "복합쇼핑몰",
      "좌표정보x(epsg5174)": 198622.89264988,
      "좌표정보y(epsg5174)": 446114.155238838,
      "점포구분명": "대규모점포",
      "x": 198622.89264988,
      "y": 446114.155238838,
      "lon": 126.9852112550958,
      "lat": 37.51725567571078
    },
    "postal_code": "4428",
    "epsg5174_x": null,
    "epsg5174_y": null
  }
},
{
  "model": "api.placeinside",
  "pk": 107,
  "fields": {
    "name": "아이에프씨몰(IFC Mall)",
    "category": "복합쇼핑몰",
    "address_road": "서울특별시 영등포구 국제금융로 10 (여의도동)",
    "address": "서울특별시 영등포구 여의도동 23번지",
    "lon": 126.9252982758696,
    "lat": 37.52497860197023,
    "is_active": true,
    "source": "inside_xlsx",
    "created_at": "2025-09-19T07:37:23.623Z",
    "raw": {
      "Unnamed: 0": 25,
      "소재지전체주소": "서울특별시 영등포구 여의도동 23번지",
      "도로명전체주소": "서울특별시 영등포구 국제금융로 10 (여의도동)",
      "도로명우편번호": "150-876",
      "사업장명": "아이에프씨몰(IFC Mall)",
      "업태구분명": "복합쇼핑몰",
      "좌표정보x(epsg5174)": 193326.931018911,
      "좌표정보y(epsg5174)": 446973.914570276,
      "점포구분명": "대규모점포",
      "x": 193326.931018911,
      "y": 446973.914570276,
      "lon": 126.9252982758696,
      "lat": 37.52497860197023
    },
    "postal_code": "150-876",
    "epsg5174_x": null,
    "epsg5174_y": null
  }
},
{
  "model": "api.placeinside",
  "pk": 108,
  "fields": {
    "name": "롯데아울렛 광주 월드컵점",
    "category": "복합쇼핑몰",
    "address_road": "광주광역시 서구 금화로 240 (풍암동)",
    "address": "광주광역시 서구 풍암동 423번지 2호",
    "lon": 126.8778259078581,
    "lat": 35.13336139774814,
    "is_active": true,
    "source": "inside_xlsx",
    "created_at": "2025-09-19T07:37:23.624Z",
    "raw": {
      "Unnamed: 0": 26,
      "소재지전체주소": "광주광역시 서구 풍암동 423번지 2호",
      "도로명전체주소": "광주광역시 서구 금화로 240 (풍암동)",
      "도로명우편번호": "502-156",
      "사업장명": "롯데아울렛 광주 월드컵점",
      "업태구분명": "복합쇼핑몰",
      "좌표정보x(epsg5174)": 188791.275961965,
      "좌표정보y(epsg5174)": 181590.099672513,
      "점포구분명": "대규모점포",
      "x": 188791.275961965,
      "y": 181590.099672513,
      "lon": 126.8778259078581,
      "lat": 35.13336139774814
    },
    "postal_code": "502-156",
    "epsg5174_x": null,
    "epsg5174_y": null
  }
},
{
  "model": "api.placeinside",
  "pk": 109,
  "fields": {
    "name": "롯데몰 진주점",
    "category": "복합쇼핑몰",
    "address_road": "경상남도 진주시 동진로 440 (충무공동)",
    "address": "경상남도 진주시 충무공동 35번지",
    "lon": 128.1399268143569,
    "lat": 35.18010670319892,
    "is_active": true,
    "source": "inside_xlsx",
    "created_at": "2025-09-19T07:37:23.625Z",
    "raw": {
      "Unnamed: 0": 27,
      "소재지전체주소": "경상남도 진주시 충무공동 35번지",
      "도로명전체주소": "경상남도 진주시 동진로 440 (충무공동)",
      "도로명우편번호": 52851,
      "사업장명": "롯데몰 진주점",
      "업태구분명": "복합쇼핑몰",
      "좌표정보x(epsg5174)": 303762.559264618,
      "좌표정보y(epsg5174)": 187362.850391251,
      "점포구분명": "대규모점포",
      "x": 303762.559264618,
      "y": 187362.850391251,
      "lon": 128.1399268143569,
      "lat": 35.18010670319892
    },
    "postal_code": "52851",
    "epsg5174_x": null,
    "epsg5174_y": null
  }
},
{
  "model": "api.placeinside",
  "pk": 110,
  "fields": {
    "name": "뉴코아아울렛인천점",
    "category": "복합쇼핑몰",
    "address_road": "인천광역시 남동구 인하로 485 (구월동)",
    "address": "인천광역시 남동구 구월동 1465번지 1호",
    "lon": 126.7007534753536,
    "lat": 37.44426751029973,
    "is_active": true,
    "source": "inside_xlsx",
    "created_at": "2025-09-19T07:37:23.625Z",
    "raw": {
      "Unnamed: 0": 28,
      "소재지전체주소": "인천광역시 남동구 구월동 1465번지 1호",
      "도로명전체주소": "인천광역시 남동구 인하로 485 (구월동)",
      "도로명우편번호": "",
      "사업장명": "뉴코아아울렛인천점",
      "업태구분명": "복합쇼핑몰",
      "좌표정보x(epsg5174)": 173449.265308514,
      "좌표정보y(epsg5174)": 438055.718667539,
      "점포구분명": "대규모점포",
      "x": 173449.265308514,
      "y": 438055.718667539,
      "lon": 126.7007534753536,
      "lat": 37.44426751029973
    },
    "postal_code": "",
    "epsg5174_x": null,
    "epsg5174_y": null
  }
},
{
  "model": "api.placeinside",
  "pk": 111,
  "fields": {
    "name": "뉴코아 인천논현점",
    "category": "복합쇼핑몰",
    "address_road": "인천광역시 남동구 청능대로 596 (논현동)",
    "address": "인천광역시 남동구 논현동 650번지 1호",
    "lon": 126.7256010747022,
    "lat": 37.40054575956209,
    "is_active": true,
    "source": "inside_xlsx",
    "created_at": "2025-09-19T07:37:23.626Z",
    "raw": {
      "Unnamed: 0": 29,
      "소재지전체주소": "인천광역시 남동구 논현동 650번지 1호",
      "도로명전체주소": "인천광역시 남동구 청능대로 596 (논현동)",
      "도로명우편번호": "",
      "사업장명": "뉴코아 인천논현점",
      "업태구분명": "복합쇼핑몰",
      "좌표정보x(epsg5174)": 175633.883082614,
      "좌표정보y(epsg5174)": 433196.453155142,
      "점포구분명": "대규모점포",
      "x": 175633.883082614,
      "y": 433196.453155142,
      "lon": 126.7256010747022,
      "lat": 37.40054575956209
    },
    "postal_code": "",
    "epsg5174_x": null,
    "epsg5174_y": null
  }
},
{
  "model": "api.placeinside",
  "pk": 112,
  "fields": {
    "name": "이천일아울렛부평점",
    "category": "복합쇼핑몰",
    "address_road": "인천광역시 부평구 경원대로 1277 (산곡동)",
    "address": "인천광역시 부평구 산곡동 311번지 151호",
    "lon": 126.7101487331149,
    "lat": 37.49061387434212,
    "is_active": true,
    "source": "inside_xlsx",
    "created_at": "2025-09-19T07:37:23.627Z",
    "raw": {
      "Unnamed: 0": 30,
      "소재지전체주소": "인천광역시 부평구 산곡동 311번지 151호",
      "도로명전체주소": "인천광역시 부평구 경원대로 1277 (산곡동)",
      "도로명우편번호": 21384,
      "사업장명": "이천일아울렛부평점",
      "업태구분명": "복합쇼핑몰",
      "좌표정보x(epsg5174)": 174296.583284585,
      "좌표정보y(epsg5174)": 443196.9838165,
      "점포구분명": "대규모점포",
      "x": 174296.583284585,
      "y": 443196.9838165,
      "lon": 126.7101487331149,
      "lat": 37.49061387434212
    },
    "postal_code": "21384",
    "epsg5174_x": null,
    "epsg5174_y": null
  }
},
{
  "model": "api.placeinside",
  "pk": 113,
  "fields": {
    "name": "뉴코아 아울렛 광명점",
    "category": "복합쇼핑몰",
    "address_road": "경기도 광명시 하안로287번길 8 (하안동)",
    "address": "경기도 광명시 하안동 38호",
    "lon": 126.8794284794486,
    "lat": 37.46121168186667,
    "is_active": true,
    "source": "inside_xlsx",
    "created_at": "2025-09-19T07:37:23.628Z",
    "raw": {
      "Unnamed: 0": 31,
      "소재지전체주소": "경기도 광명시 하안동 38호",
      "도로명전체주소": "경기도 광명시 하안로287번길 8 (하안동)",
      "도로명우편번호": "423-848",
      "사업장명": "뉴코아 아울렛 광명점",
      "업태구분명": "복합쇼핑몰",
      "좌표정보x(epsg5174)": 189263.01222247,
      "좌표정보y(epsg5174)": 439900.832910796,
      "점포구분명": "대규모점포",
      "x": 189263.01222247,
      "y": 439900.832910796,
      "lon": 126.8794284794486,
      "lat": 37.46121168186667
    },
    "postal_code": "423-848",
    "epsg5174_x": null,
    "epsg5174_y": null
  }
},
{
  "model": "api.placeinside",
  "pk": 114,
  "fields": {
    "name": "롯데아울렛 고양터미널점",
    "category": "복합쇼핑몰",
    "address_road": "경기도 고양시 일산동구 중앙로 1036 (백석동, 베스트 고양터미널)",
    "address": "경기도 고양시 일산동구 백석동 1242번지",
    "lon": 126.7896987980638,
    "lat": 37.64323357854387,
    "is_active": true,
    "source": "inside_xlsx",
    "created_at": "2025-09-19T07:37:23.628Z",
    "raw": {
      "Unnamed: 0": 33,
      "소재지전체주소": "경기도 고양시 일산동구 백석동 1242번지",
      "도로명전체주소": "경기도 고양시 일산동구 중앙로 1036 (백석동, 베스트 고양터미널)",
      "도로명우편번호": 10450,
      "사업장명": "롯데아울렛 고양터미널점",
      "업태구분명": "복합쇼핑몰",
      "좌표정보x(epsg5174)": 181369.967204096,
      "좌표정보y(epsg5174)": 460117.354561195,
      "점포구분명": "대규모점포",
      "x": 181369.967204096,
      "y": 460117.354561195,
      "lon": 126.7896987980638,
      "lat": 37.64323357854387
    },
    "postal_code": "10450",
    "epsg5174_x": null,
    "epsg5174_y": null
  }
},
{
  "model": "api.placeinside",
  "pk": 115,
  "fields": {
    "name": "스타필드 고양",
    "category": "복합쇼핑몰",
    "address_road": "경기도 고양시 덕양구 고양대로 1955, 스타필드 고양 (동산동)",
    "address": "경기도 고양시 덕양구 동산동 370 스타필드 고양",
    "lon": 126.8947879362087,
    "lat": 37.64708380439961,
    "is_active": true,
    "source": "inside_xlsx",
    "created_at": "2025-09-19T07:37:23.629Z",
    "raw": {
      "Unnamed: 0": 34,
      "소재지전체주소": "경기도 고양시 덕양구 동산동 370 스타필드 고양",
      "도로명전체주소": "경기도 고양시 덕양구 고양대로 1955, 스타필드 고양 (동산동)",
      "도로명우편번호": 10595,
      "사업장명": "스타필드 고양",
      "업태구분명": "복합쇼핑몰",
      "좌표정보x(epsg5174)": 190645.314309928,
      "좌표정보y(epsg5174)": 460528.947974088,
      "점포구분명": "대규모점포",
      "x": 190645.314309928,
      "y": 460528.947974088,
      "lon": 126.8947879362087,
      "lat": 37.64708380439961
    },
    "postal_code": "10595",
    "epsg5174_x": null,
    "epsg5174_y": null
  }
},
{
  "model": "api.placeinside",
  "pk": 116,
  "fields": {
    "name": "AK PLAZA 분당점",
    "category": "복합쇼핑몰",
    "address_road": "경기도 성남시 분당구 황새울로360번길 42 (서현동, AK플라자)",
    "address": "경기도 성남시 분당구 서현동 263번지",
    "lon": 127.1233466052919,
    "lat": 37.38504979153663,
    "is_active": true,
    "source": "inside_xlsx",
    "created_at": "2025-09-19T07:37:23.629Z",
    "raw": {
      "Unnamed: 0": 35,
      "소재지전체주소": "경기도 성남시 분당구 서현동 263번지",
      "도로명전체주소": "경기도 성남시 분당구 황새울로360번길 42 (서현동, AK플라자)",
      "도로명우편번호": 13591,
      "사업장명": "AK PLAZA 분당점",
      "업태구분명": "복합쇼핑몰",
      "좌표정보x(epsg5174)": 210853.833466798,
      "좌표정보y(epsg5174)": 431447.85813153,
      "점포구분명": "대규모점포",
      "x": 210853.833466798,
      "y": 431447.85813153,
      "lon": 127.1233466052919,
      "lat": 37.38504979153663
    },
    "postal_code": "13591",
    "epsg5174_x": null,
    "epsg5174_y": null
  }
},
{
  "model": "api.placeinside",
  "pk": 117,
  "fields": {
    "name": "이천일아울렛 분당점",
    "category": "복합쇼핑몰",
    "address_road": "경기도 성남시 분당구 미금일로154번길 20, 2001아울렛 (구미동)",
    "address": "경기도 성남시 분당구 구미동 11번지 4호 2001아울렛",
    "lon": 127.1072872044497,
    "lat": 37.3489287985776,
    "is_active": true,
    "source": "inside_xlsx",
    "created_at": "2025-09-19T07:37:23.630Z",
    "raw": {
      "Unnamed: 0": 36,
      "소재지전체주소": "경기도 성남시 분당구 구미동 11번지 4호 2001아울렛",
      "도로명전체주소": "경기도 성남시 분당구 미금일로154번길 20, 2001아울렛 (구미동)",
      "도로명우편번호": 13630,
      "사업장명": "이천일아울렛 분당점",
      "업태구분명": "복합쇼핑몰",
      "좌표정보x(epsg5174)": 209436.079182931,
      "좌표정보y(epsg5174)": 427437.237499513,
      "점포구분명": "대규모점포",
      "x": 209436.079182931,
      "y": 427437.237499513,
      "lon": 127.1072872044497,
      "lat": 37.3489287985776
    },
    "postal_code": "13630",
    "epsg5174_x": null,
    "epsg5174_y": null
  }
},
{
  "model": "api.placeinside",
  "pk": 118,
  "fields": {
    "name": "세이브존 성남점",
    "category": "복합쇼핑몰",
    "address_road": "경기도 성남시 수정구 산성대로 337 (신흥동)",
    "address": "경기도 성남시수정구 신흥동 2463번지 5호",
    "lon": 127.1533391344438,
    "lat": 37.44400453852441,
    "is_active": true,
    "source": "inside_xlsx",
    "created_at": "2025-09-19T07:37:23.631Z",
    "raw": {
      "Unnamed: 0": 37,
      "소재지전체주소": "경기도 성남시수정구 신흥동 2463번지 5호",
      "도로명전체주소": "경기도 성남시 수정구 산성대로 337 (신흥동)",
      "도로명우편번호": "",
      "사업장명": "세이브존 성남점",
      "업태구분명": "복합쇼핑몰",
      "좌표정보x(epsg5174)": 213499.485770645,
      "좌표정보y(epsg5174)": 437994.885930918,
      "점포구분명": "대규모점포",
      "x": 213499.485770645,
      "y": 437994.885930918,
      "lon": 127.1533391344438,
      "lat": 37.44400453852441
    },
    "postal_code": "",
    "epsg5174_x": null,
    "epsg5174_y": null
  }
},
{
  "model": "api.placeinside",
  "pk": 119,
  "fields": {
    "name": "신세계프리미엄아울렛 시흥점",
    "category": "복합쇼핑몰",
    "address_road": "경기도 시흥시 서해안로 699 (정왕동)",
    "address": "",
    "lon": 126.7362252919696,
    "lat": 37.37949424119885,
    "is_active": true,
    "source": "inside_xlsx",
    "created_at": "2025-09-19T07:37:23.631Z",
    "raw": {
      "Unnamed: 0": 38,
      "소재지전체주소": "",
      "도로명전체주소": "경기도 시흥시 서해안로 699 (정왕동)",
      "도로명우편번호": 15010,
      "사업장명": "신세계프리미엄아울렛 시흥점",
      "업태구분명": "복합쇼핑몰",
      "좌표정보x(epsg5174)": 176568.020503007,
      "좌표정보y(epsg5174)": 430857.327073249,
      "점포구분명": "대규모점포",
      "x": 176568.020503007,
      "y": 430857.327073249,
      "lon": 126.7362252919696,
      "lat": 37.37949424119885
    },
    "postal_code": "15010",
    "epsg5174_x": null,
    "epsg5174_y": null
  }
},
{
  "model": "api.placeinside",
  "pk": 120,
  "fields": {
    "name": "동서울터미널상가",
    "category": "복합쇼핑몰",
    "address_road": "서울특별시 광진구 강변역로 50 (구의동)",
    "address": "서울특별시 광진구 구의동 546번지 1호",
    "lon": 127.0935854644739,
    "lat": 37.53391764958447,
    "is_active": true,
    "source": "inside_xlsx",
    "created_at": "2025-09-19T07:37:23.632Z",
    "raw": {
      "Unnamed: 0": 39,
      "소재지전체주소": "서울특별시 광진구 구의동 546번지 1호",
      "도로명전체주소": "서울특별시 광진구 강변역로 50 (구의동)",
      "도로명우편번호": "143-715",
      "사업장명": "동서울터미널상가",
      "업태구분명": "복합쇼핑몰",
      "좌표정보x(epsg5174)": 208201.993320839,
      "좌표정보y(epsg5174)": 447967.299542306,
      "점포구분명": "대규모점포",
      "x": 208201.993320839,
      "y": 447967.299542306,
      "lon": 127.0935854644739,
      "lat": 37.53391764958447
    },
    "postal_code": "143-715",
    "epsg5174_x": null,
    "epsg5174_y": null
  }
},
{
  "model": "api.placeinside",
  "pk": 121,
  "fields": {
    "name": "롯데백화점 미아점",
    "category": "복합쇼핑몰",
    "address_road": "서울특별시 강북구 도봉로 62 (미아동)",
    "address": "서울특별시 강북구 미아동 70번지 6   호",
    "lon": 127.030525867634,
    "lat": 37.61421600242491,
    "is_active": true,
    "source": "inside_xlsx",
    "created_at": "2025-09-19T07:37:23.632Z",
    "raw": {
      "Unnamed: 0": 40,
      "소재지전체주소": "서울특별시 강북구 미아동 70번지 6   호",
      "도로명전체주소": "서울특별시 강북구 도봉로 62 (미아동)",
      "도로명우편번호": "142-804",
      "사업장명": "롯데백화점 미아점",
      "업태구분명": "복합쇼핑몰",
      "좌표정보x(epsg5174)": 202625.646264572,
      "좌표정보y(epsg5174)": 456875.973976242,
      "점포구분명": "대규모점포",
      "x": 202625.646264572,
      "y": 456875.973976242,
      "lon": 127.030525867634,
      "lat": 37.61421600242491
    },
    "postal_code": "142-804",
    "epsg5174_x": null,
    "epsg5174_y": null
  }
},
{
  "model": "api.placeinside",
  "pk": 122,
  "fields": {
    "name": "트레지오",
    "category": "복합쇼핑몰",
    "address_road": "서울특별시 강북구 도봉로 34 (미아동)",
    "address": "서울특별시 강북구 송중동",
    "lon": 127.03071530021,
    "lat": 37.61205661172421,
    "is_active": true,
    "source": "inside_xlsx",
    "created_at": "2025-09-19T07:37:23.633Z",
    "raw": {
      "Unnamed: 0": 41,
      "소재지전체주소": "서울특별시 강북구 송중동",
      "도로명전체주소": "서울특별시 강북구 도봉로 34 (미아동)",
      "도로명우편번호": "142-120",
      "사업장명": "트레지오",
      "업태구분명": "복합쇼핑몰",
      "좌표정보x(epsg5174)": 202642.446045912,
      "좌표정보y(epsg5174)": 456636.308192293,
      "점포구분명": "대규모점포",
      "x": 202642.446045912,
      "y": 456636.308192293,
      "lon": 127.03071530021,
      "lat": 37.61205661172421
    },
    "postal_code": "142-120",
    "epsg5174_x": null,
    "epsg5174_y": null
  }
},
{
  "model": "api.placeinside",
  "pk": 123,
  "fields": {
    "name": "이천일아울렛 중계점",
    "category": "복합쇼핑몰",
    "address_road": "서울특별시 노원구 동일로204가길 46 (중계동)",
    "address": "서울특별시 노원구 중계2.3동 509번지 2001아울렛",
    "lon": 127.0679874945906,
    "lat": 37.64130430846691,
    "is_active": true,
    "source": "inside_xlsx",
    "created_at": "2025-09-19T07:37:23.634Z",
    "raw": {
      "Unnamed: 0": 42,
      "소재지전체주소": "서울특별시 노원구 중계2.3동 509번지 2001아울렛",
      "도로명전체주소": "서울특별시 노원구 동일로204가길 46 (중계동)",
      "도로명우편번호": "139-726",
      "사업장명": "이천일아울렛 중계점",
      "업태구분명": "복합쇼핑몰",
      "좌표정보x(epsg5174)": 205931.05327036,
      "좌표정보y(epsg5174)": 459884.197207567,
      "점포구분명": "대규모점포",
      "x": 205931.05327036,
      "y": 459884.197207567,
      "lon": 127.0679874945906,
      "lat": 37.64130430846691
    },
    "postal_code": "139-726",
    "epsg5174_x": null,
    "epsg5174_y": null
  }
},
{
  "model": "api.placeinside",
  "pk": 124,
  "fields": {
    "name": "와우패션클럽",
    "category": "복합쇼핑몰",
    "address_road": "서울특별시 노원구 노해로 507 (상계동)",
    "address": "서울특별시 노원구 상계동 292번지 1호",
    "lon": 127.0637612379964,
    "lat": 37.65533922884487,
    "is_active": true,
    "source": "inside_xlsx",
    "created_at": "2025-09-19T07:37:23.634Z",
    "raw": {
      "Unnamed: 0": 43,
      "소재지전체주소": "서울특별시 노원구 상계동 292번지 1호",
      "도로명전체주소": "서울특별시 노원구 노해로 507 (상계동)",
      "도로명우편번호": "139-816",
      "사업장명": "와우패션클럽",
      "업태구분명": "복합쇼핑몰",
      "좌표정보x(epsg5174)": 205557.013355638,
      "좌표정보y(epsg5174)": 461441.687971047,
      "점포구분명": "대규모점포",
      "x": 205557.013355638,
      "y": 461441.687971047,
      "lon": 127.0637612379964,
      "lat": 37.65533922884487
    },
    "postal_code": "139-816",
    "epsg5174_x": null,
    "epsg5174_y": null
  }
},
{
  "model": "api.placeinside",
  "pk": 125,
  "fields": {
    "name": "도봉한신쇼핑상가",
    "category": "복합쇼핑몰",
    "address_road": "서울특별시 도봉구 도봉로180나길 41 (도봉동)",
    "address": "서울특별시 도봉구 도봉동 30번지 1호 도봉한신쇼핑상가",
    "lon": 127.0480603190646,
    "lat": 37.68573653406902,
    "is_active": true,
    "source": "inside_xlsx",
    "created_at": "2025-09-19T07:37:23.635Z",
    "raw": {
      "Unnamed: 0": 44,
      "소재지전체주소": "서울특별시 도봉구 도봉동 30번지 1호 도봉한신쇼핑상가",
      "도로명전체주소": "서울특별시 도봉구 도봉로180나길 41 (도봉동)",
      "도로명우편번호": "132-731",
      "사업장명": "도봉한신쇼핑상가",
      "업태구분명": "복합쇼핑몰",
      "좌표정보x(epsg5174)": 204169.847670316,
      "좌표정보y(epsg5174)": 464814.717432497,
      "점포구분명": "대규모점포",
      "x": 204169.847670316,
      "y": 464814.717432497,
      "lon": 127.0480603190646,
      "lat": 37.68573653406902
    },
    "postal_code": "132-731",
    "epsg5174_x": null,
    "epsg5174_y": null
  }
},
{
  "model": "api.placeinside",
  "pk": 126,
  "fields": {
    "name": "광장시장",
    "category": "복합쇼핑몰",
    "address_road": "서울특별시 종로구 창경궁로 88 (예지동)",
    "address": "서울특별시 종로구 예지동 6번지 1호",
    "lon": 126.9989474724974,
    "lat": 37.57005466605422,
    "is_active": true,
    "source": "inside_xlsx",
    "created_at": "2025-09-19T07:37:23.636Z",
    "raw": {
      "Unnamed: 0": 45,
      "소재지전체주소": "서울특별시 종로구 예지동 6번지 1호",
      "도로명전체주소": "서울특별시 종로구 창경궁로 88 (예지동)",
      "도로명우편번호": "110-834",
      "사업장명": "광장시장",
      "업태구분명": "복합쇼핑몰",
      "좌표정보x(epsg5174)": 199837.41426735,
      "좌표정보y(epsg5174)": 451974.128468485,
      "점포구분명": "대규모점포",
      "x": 199837.41426735,
      "y": 451974.128468485,
      "lon": 126.9989474724974,
      "lat": 37.57005466605422
    },
    "postal_code": "110-834",
    "epsg5174_x": null,
    "epsg5174_y": null
  }
},
{
  "model": "api.placeinside",
  "pk": 127,
  "fields": {
    "name": "그랜드애비뉴",
    "category": "복합쇼핑몰",
    "address_road": "경상북도 포항시 남구 중흥로 77 (상도동)",
    "address": "경상북도 포항시남구 상도동 582번지",
    "lon": 129.3489086352815,
    "lat": 36.01273177325321,
    "is_active": true,
    "source": "inside_xlsx",
    "created_at": "2025-09-19T07:37:23.636Z",
    "raw": {
      "Unnamed: 0": 46,
      "소재지전체주소": "경상북도 포항시남구 상도동 582번지",
      "도로명전체주소": "경상북도 포항시 남구 중흥로 77 (상도동)",
      "도로명우편번호": "",
      "사업장명": "그랜드애비뉴",
      "업태구분명": "복합쇼핑몰",
      "좌표정보x(epsg5174)": 411699.716488058,
      "좌표정보y(epsg5174)": 281700.620899084,
      "점포구분명": "대규모점포",
      "x": 411699.716488058,
      "y": 281700.620899084,
      "lon": 129.3489086352815,
      "lat": 36.01273177325321
    },
    "postal_code": "",
    "epsg5174_x": null,
    "epsg5174_y": null
  }
},
{
  "model": "api.placeinside",
  "pk": 128,
  "fields": {
    "name": "프리미엄아울렛 골든하이",
    "category": "복합쇼핑몰",
    "address_road": "대전광역시 유성구 계룡로 119, 골든하이아울렛 (봉명동)",
    "address": "대전광역시 유성구 봉명동 549-11 골든하이아울렛",
    "lon": 127.3440150537213,
    "lat": 36.35367955260367,
    "is_active": true,
    "source": "inside_xlsx",
    "created_at": "2025-09-19T07:37:23.637Z",
    "raw": {
      "Unnamed: 0": 47,
      "소재지전체주소": "대전광역시 유성구 봉명동 549-11 골든하이아울렛",
      "도로명전체주소": "대전광역시 유성구 계룡로 119, 골든하이아울렛 (봉명동)",
      "도로명우편번호": 34187,
      "사업장명": "프리미엄아울렛 골든하이",
      "업태구분명": "복합쇼핑몰",
      "좌표정보x(epsg5174)": 230807.123581372,
      "좌표정보y(epsg5174)": 317037.976305078,
      "점포구분명": "대규모점포",
      "x": 230807.123581372,
      "y": 317037.976305078,
      "lon": 127.3440150537213,
      "lat": 36.35367955260367
    },
    "postal_code": "34187",
    "epsg5174_x": null,
    "epsg5174_y": null
  }
},
{
  "model": "api.placeinside",
  "pk": 129,
  "fields": {
    "name": "주식회사 이마트 진접점",
    "category": "복합쇼핑몰",
    "address_road": "경기도 남양주시 진접읍 금강로유연들1길 154, 진접이마트",
    "address": "경기도 남양주시 진접읍 연평리 101번지 14호 진접이마트",
    "lon": 127.1819164296409,
    "lat": 37.7088282192823,
    "is_active": true,
    "source": "inside_xlsx",
    "created_at": "2025-09-19T07:37:23.638Z",
    "raw": {
      "Unnamed: 0": 48,
      "소재지전체주소": "경기도 남양주시 진접읍 연평리 101번지 14호 진접이마트",
      "도로명전체주소": "경기도 남양주시 진접읍 금강로유연들1길 154, 진접이마트",
      "도로명우편번호": 12073,
      "사업장명": "주식회사 이마트 진접점",
      "업태구분명": "복합쇼핑몰",
      "좌표정보x(epsg5174)": 215971.923346848,
      "좌표정보y(epsg5174)": 467391.99875644,
      "점포구분명": "대규모점포",
      "x": 215971.923346848,
      "y": 467391.99875644,
      "lon": 127.1819164296409,
      "lat": 37.7088282192823
    },
    "postal_code": "12073",
    "epsg5174_x": null,
    "epsg5174_y": null
  }
},
{
  "model": "api.placeinside",
  "pk": 130,
  "fields": {
    "name": "타임스트림",
    "category": "복합쇼핑몰",
    "address_road": "서울특별시 관악구 신림로 330 (신림동)",
    "address": "서울특별시 관악구 서원동 1641번지 2호",
    "lon": 126.9301735450697,
    "lat": 37.48383565703023,
    "is_active": true,
    "source": "inside_xlsx",
    "created_at": "2025-09-19T07:37:23.638Z",
    "raw": {
      "Unnamed: 0": 49,
      "소재지전체주소": "서울특별시 관악구 서원동 1641번지 2호",
      "도로명전체주소": "서울특별시 관악구 신림로 330 (신림동)",
      "도로명우편번호": "151-930",
      "사업장명": "타임스트림",
      "업태구분명": "복합쇼핑몰",
      "좌표정보x(epsg5174)": 193754.427350029,
      "좌표정보y(epsg5174)": 442407.201247108,
      "점포구분명": "대규모점포",
      "x": 193754.427350029,
      "y": 442407.201247108,
      "lon": 126.9301735450697,
      "lat": 37.48383565703023
    },
    "postal_code": "151-930",
    "epsg5174_x": null,
    "epsg5174_y": null
  }
},
{
  "model": "api.placeinside",
  "pk": 131,
  "fields": {
    "name": "라붐아울렛",
    "category": "복합쇼핑몰",
    "address_road": "서울특별시 관악구 남부순환로 1820 (봉천동)",
    "address": "서울특별시 관악구 봉천동 862번지 1호",
    "lon": 126.9522072893693,
    "lat": 37.4810257314995,
    "is_active": true,
    "source": "inside_xlsx",
    "created_at": "2025-09-19T07:37:23.639Z",
    "raw": {
      "Unnamed: 0": 50,
      "소재지전체주소": "서울특별시 관악구 봉천동 862번지 1호",
      "도로명전체주소": "서울특별시 관악구 남부순환로 1820 (봉천동)",
      "도로명우편번호": "151-836",
      "사업장명": "라붐아울렛",
      "업태구분명": "복합쇼핑몰",
      "좌표정보x(epsg5174)": 195703.043681259,
      "좌표정보y(epsg5174)": 442094.085759338,
      "점포구분명": "대규모점포",
      "x": 195703.043681259,
      "y": 442094.085759338,
      "lon": 126.9522072893693,
      "lat": 37.4810257314995
    },
    "postal_code": "151-836",
    "epsg5174_x": null,
    "epsg5174_y": null
  }
},
{
  "model": "api.placeinside",
  "pk": 132,
  "fields": {
    "name": "라스플로레스",
    "category": "복합쇼핑몰",
    "address_road": "경기도 화성시 동탄대로 537 (오산동)",
    "address": "경기도 화성시 오산동 1019",
    "lon": 127.0979451668771,
    "lat": 37.20220096886224,
    "is_active": true,
    "source": "inside_xlsx",
    "created_at": "2025-09-19T07:37:23.639Z",
    "raw": {
      "Unnamed: 0": 51,
      "소재지전체주소": "경기도 화성시 오산동 1019",
      "도로명전체주소": "경기도 화성시 동탄대로 537 (오산동)",
      "도로명우편번호": 18478,
      "사업장명": "라스플로레스",
      "업태구분명": "복합쇼핑몰",
      "좌표정보x(epsg5174)": 208624.936086903,
      "좌표정보y(epsg5174)": 411151.948385108,
      "점포구분명": "대규모점포",
      "x": 208624.936086903,
      "y": 411151.948385108,
      "lon": 127.0979451668771,
      "lat": 37.20220096886224
    },
    "postal_code": "18478",
    "epsg5174_x": null,
    "epsg5174_y": null
  }
},
{
  "model": "api.placeinside",
  "pk": 133,
  "fields": {
    "name": "하나로마트 봉담점",
    "category": "복합쇼핑몰",
    "address_road": "경기도 화성시 봉담읍 동화길 81-16",
    "address": "경기도 화성시 봉담읍 동화리 597번지 1호",
    "lon": 126.9590898813937,
    "lat": 37.21759506066643,
    "is_active": true,
    "source": "inside_xlsx",
    "created_at": "2025-09-19T07:37:23.640Z",
    "raw": {
      "Unnamed: 0": 52,
      "소재지전체주소": "경기도 화성시 봉담읍 동화리 597번지 1호",
      "도로명전체주소": "경기도 화성시 봉담읍 동화길 81-16",
      "도로명우편번호": "445-893",
      "사업장명": "하나로마트 봉담점",
      "업태구분명": "복합쇼핑몰",
      "좌표정보x(epsg5174)": 196298.667303854,
      "좌표정보y(epsg5174)": 412856.90918779,
      "점포구분명": "대규모점포",
      "x": 196298.667303854,
      "y": 412856.90918779,
      "lon": 126.9590898813937,
      "lat": 37.21759506066643
    },
    "postal_code": "445-893",
    "epsg5174_x": null,
    "epsg5174_y": null
  }
},
{
  "model": "api.placeinside",
  "pk": 134,
  "fields": {
    "name": "타임테라스(TIMES TERRACE)",
    "category": "복합쇼핑몰",
    "address_road": "경기도 화성시 동탄중앙로 220 (반송동)",
    "address": "경기도 화성시 반송동 96, 98번지",
    "lon": 127.0688789398332,
    "lat": 37.20494183218213,
    "is_active": true,
    "source": "inside_xlsx",
    "created_at": "2025-09-19T07:37:23.641Z",
    "raw": {
      "Unnamed: 0": 53,
      "소재지전체주소": "경기도 화성시 반송동 96, 98번지",
      "도로명전체주소": "경기도 화성시 동탄중앙로 220 (반송동)",
      "도로명우편번호": "445-160",
      "사업장명": "타임테라스(TIMES TERRACE)",
      "업태구분명": "복합쇼핑몰",
      "좌표정보x(epsg5174)": 206044.332509042,
      "좌표정보y(epsg5174)": 411453.905695269,
      "점포구분명": "대규모점포",
      "x": 206044.332509042,
      "y": 411453.905695269,
      "lon": 127.0688789398332,
      "lat": 37.20494183218213
    },
    "postal_code": "445-160",
    "epsg5174_x": null,
    "epsg5174_y": null
  }
},
{
  "model": "api.placeinside",
  "pk": 135,
  "fields": {
    "name": "서면지하도상가 서면몰",
    "category": "복합쇼핑몰",
    "address_road": "부산광역시 부산진구 중앙대로 지하 717 (부전동, 대현프리몰)",
    "address": "부산광역시 부산진구 부전동 573번지 1호",
    "lon": 129.0598535299354,
    "lat": 35.15814809255395,
    "is_active": true,
    "source": "inside_xlsx",
    "created_at": "2025-09-19T07:37:23.641Z",
    "raw": {
      "Unnamed: 0": 54,
      "소재지전체주소": "부산광역시 부산진구 부전동 573번지 1호",
      "도로명전체주소": "부산광역시 부산진구 중앙대로 지하 717 (부전동, 대현프리몰)",
      "도로명우편번호": 47286,
      "사업장명": "서면지하도상가 서면몰",
      "업태구분명": "복합쇼핑몰",
      "좌표정보x(epsg5174)": 387618.822819678,
      "좌표정보y(epsg5174)": 186273.478853335,
      "점포구분명": "대규모점포",
      "x": 387618.822819678,
      "y": 186273.478853335,
      "lon": 129.0598535299354,
      "lat": 35.15814809255395
    },
    "postal_code": "47286",
    "epsg5174_x": null,
    "epsg5174_y": null
  }
},
{
  "model": "api.placeinside",
  "pk": 136,
  "fields": {
    "name": "삼정타워",
    "category": "복합쇼핑몰",
    "address_road": "부산광역시 부산진구 중앙대로 672 (부전동)",
    "address": "부산광역시 부산진구 부전2동 227번지 2호",
    "lon": 129.0596055267931,
    "lat": 35.1530121042399,
    "is_active": true,
    "source": "inside_xlsx",
    "created_at": "2025-09-19T07:37:23.642Z",
    "raw": {
      "Unnamed: 0": 55,
      "소재지전체주소": "부산광역시 부산진구 부전2동 227번지 2호",
      "도로명전체주소": "부산광역시 부산진구 중앙대로 672 (부전동)",
      "도로명우편번호": "614-846",
      "사업장명": "삼정타워",
      "업태구분명": "복합쇼핑몰",
      "좌표정보x(epsg5174)": 387608.014165034,
      "좌표정보y(epsg5174)": 185703.079007724,
      "점포구분명": "대규모점포",
      "x": 387608.014165034,
      "y": 185703.079007724,
      "lon": 129.0596055267931,
      "lat": 35.1530121042399
    },
    "postal_code": "614-846",
    "epsg5174_x": null,
    "epsg5174_y": null
  }
},
{
  "model": "api.placeinside",
  "pk": 137,
  "fields": {
    "name": "스퀘어원",
    "category": "복합쇼핑몰",
    "address_road": "인천광역시 연수구 청능대로 210 (동춘동)",
    "address": "인천광역시 연수구 동춘3동 926번지",
    "lon": 126.6837026539621,
    "lat": 37.40597893169834,
    "is_active": true,
    "source": "inside_xlsx",
    "created_at": "2025-09-19T07:37:23.643Z",
    "raw": {
      "Unnamed: 0": 56,
      "소재지전체주소": "인천광역시 연수구 동춘3동 926번지",
      "도로명전체주소": "인천광역시 연수구 청능대로 210 (동춘동)",
      "도로명우편번호": "406-827",
      "사업장명": "스퀘어원",
      "업태구분명": "복합쇼핑몰",
      "좌표정보x(epsg5174)": 171926.076708191,
      "좌표정보y(epsg5174)": 433811.136423145,
      "점포구분명": "대규모점포",
      "x": 171926.076708191,
      "y": 433811.136423145,
      "lon": 126.6837026539621,
      "lat": 37.40597893169834
    },
    "postal_code": "406-827",
    "epsg5174_x": null,
    "epsg5174_y": null
  }
},
{
  "model": "api.placeinside",
  "pk": 138,
  "fields": {
    "name": "이마트과천점",
    "category": "복합쇼핑몰",
    "address_road": "경기도 과천시 별양상가3로 11-0 (별양동)",
    "address": "",
    "lon": 126.9918529456105,
    "lat": 37.4263074434319,
    "is_active": true,
    "source": "inside_xlsx",
    "created_at": "2025-09-19T07:37:23.643Z",
    "raw": {
      "Unnamed: 0": 57,
      "소재지전체주소": "",
      "도로명전체주소": "경기도 과천시 별양상가3로 11-0 (별양동)",
      "도로명우편번호": "427-800",
      "사업장명": "이마트과천점",
      "업태구분명": "복합쇼핑몰",
      "좌표정보x(epsg5174)": 199209.021144538,
      "좌표정보y(epsg5174)": 436019.965418918,
      "점포구분명": "대규모점포",
      "x": 199209.021144538,
      "y": 436019.965418918,
      "lon": 126.9918529456105,
      "lat": 37.4263074434319
    },
    "postal_code": "427-800",
    "epsg5174_x": null,
    "epsg5174_y": null
  }
},
{
  "model": "api.placeinside",
  "pk": 139,
  "fields": {
    "name": "AK플라자수원점",
    "category": "복합쇼핑몰",
    "address_road": "경기도 수원시 팔달구 덕영대로 924 (매산로1가)",
    "address": "경기도 수원시팔달구 매산로1가 18호",
    "lon": 126.9998910696769,
    "lat": 37.26616877471073,
    "is_active": true,
    "source": "inside_xlsx",
    "created_at": "2025-09-19T07:37:23.645Z",
    "raw": {
      "Unnamed: 0": 58,
      "소재지전체주소": "경기도 수원시팔달구 매산로1가 18호",
      "도로명전체주소": "경기도 수원시 팔달구 덕영대로 924 (매산로1가)",
      "도로명우편번호": "442-081",
      "사업장명": "AK플라자수원점",
      "업태구분명": "복합쇼핑몰",
      "좌표정보x(epsg5174)": 199920.194662903,
      "좌표정보y(epsg5174)": 418246.927112644,
      "점포구분명": "대규모점포",
      "x": 199920.194662903,
      "y": 418246.927112644,
      "lon": 126.9998910696769,
      "lat": 37.26616877471073
    },
    "postal_code": "442-081",
    "epsg5174_x": null,
    "epsg5174_y": null
  }
},
{
  "model": "api.placeinside",
  "pk": 140,
  "fields": {
    "name": "이랜드리테일 NC구로점",
    "category": "복합쇼핑몰",
    "address_road": "서울특별시 구로구 구로중앙로 152 (구로동)",
    "address": "서울특별시 구로구 구로동 573",
    "lon": 126.8828392618181,
    "lat": 37.50117652346088,
    "is_active": true,
    "source": "inside_xlsx",
    "created_at": "2025-09-19T07:37:23.646Z",
    "raw": {
      "Unnamed: 0": 59,
      "소재지전체주소": "서울특별시 구로구 구로동 573",
      "도로명전체주소": "서울특별시 구로구 구로중앙로 152 (구로동)",
      "도로명우편번호": 8292,
      "사업장명": "이랜드리테일 NC구로점",
      "업태구분명": "복합쇼핑몰",
      "좌표정보x(epsg5174)": 189570.360930049,
      "좌표정보y(epsg5174)": 444336.051330144,
      "점포구분명": "대규모점포",
      "x": 189570.360930049,
      "y": 444336.051330144,
      "lon": 126.8828392618181,
      "lat": 37.50117652346088
    },
    "postal_code": "8292",
    "epsg5174_x": null,
    "epsg5174_y": null
  }
},
{
  "model": "api.placeinside",
  "pk": 141,
  "fields": {
    "name": "주식회사 케이씨씨글라스 홈씨씨울산점",
    "category": "복합쇼핑몰",
    "address_road": "울산광역시 북구 진장유통로 28-17, KCC진장사옥 (진장동)",
    "address": "울산광역시 북구 진장동 285-1 KCC진장사옥",
    "lon": 129.3593820884664,
    "lat": 35.57424694877901,
    "is_active": true,
    "source": "inside_xlsx",
    "created_at": "2025-09-19T07:37:23.646Z",
    "raw": {
      "Unnamed: 0": 60,
      "소재지전체주소": "울산광역시 북구 진장동 285-1 KCC진장사옥",
      "도로명전체주소": "울산광역시 북구 진장유통로 28-17, KCC진장사옥 (진장동)",
      "도로명우편번호": 44248,
      "사업장명": "주식회사 케이씨씨글라스 홈씨씨울산점",
      "업태구분명": "복합쇼핑몰",
      "좌표정보x(epsg5174)": 413816.065283908,
      "좌표정보y(epsg5174)": 233057.855813064,
      "점포구분명": "대규모점포",
      "x": 413816.065283908,
      "y": 233057.855813064,
      "lon": 129.3593820884664,
      "lat": 35.57424694877901
    },
    "postal_code": "44248",
    "epsg5174_x": null,
    "epsg5174_y": null
  }
},
{
  "model": "api.placeinside",
  "pk": 142,
  "fields": {
    "name": "롯데쇼핑 주식회사 아울렛 군산점",
    "category": "복합쇼핑몰",
    "address_road": "전북특별자치도 군산시 조촌로 130(조촌동)",
    "address": "전북특별자치도 군산시 조촌동 450-21 외 3필지",
    "lon": 126.7385869016837,
    "lat": 35.97644904034596,
    "is_active": true,
    "source": "inside_xlsx",
    "created_at": "2025-09-19T07:37:23.647Z",
    "raw": {
      "Unnamed: 0": 61,
      "소재지전체주소": "전북특별자치도 군산시 조촌동 450-21 외 3필지",
      "도로명전체주소": "전북특별자치도 군산시 조촌로 130(조촌동)",
      "도로명우편번호": 54072,
      "사업장명": "롯데쇼핑 주식회사 아울렛 군산점",
      "업태구분명": "복합쇼핑몰",
      "좌표정보x(epsg5174)": 176350.48248947,
      "좌표정보y(epsg5174)": 275156.881801195,
      "점포구분명": "대규모점포",
      "x": 176350.48248947,
      "y": 275156.881801195,
      "lon": 126.7385869016837,
      "lat": 35.97644904034596
    },
    "postal_code": "54072",
    "epsg5174_x": null,
    "epsg5174_y": null
  }
},
{
  "model": "api.placeinside",
  "pk": 143,
  "fields": {
    "name": "NC WAVE 객사점",
    "category": "복합쇼핑몰",
    "address_road": "전북특별자치도 전주시 완산구 전주객사5길 35 (고사동)",
    "address": "전북특별자치도 전주시 완산구 고사동 96번지 1호 고사동 105번지",
    "lon": 127.1450395229749,
    "lat": 35.81956435254879,
    "is_active": true,
    "source": "inside_xlsx",
    "created_at": "2025-09-19T07:37:23.648Z",
    "raw": {
      "Unnamed: 0": 62,
      "소재지전체주소": "전북특별자치도 전주시 완산구 고사동 96번지 1호 고사동 105번지",
      "도로명전체주소": "전북특별자치도 전주시 완산구 전주객사5길 35 (고사동)",
      "도로명우편번호": "560-802",
      "사업장명": "NC WAVE 객사점",
      "업태구분명": "복합쇼핑몰",
      "좌표정보x(epsg5174)": 213034.495714735,
      "좌표정보y(epsg5174)": 257726.858521044,
      "점포구분명": "대규모점포",
      "x": 213034.495714735,
      "y": 257726.858521044,
      "lon": 127.1450395229749,
      "lat": 35.81956435254879
    },
    "postal_code": "560-802",
    "epsg5174_x": null,
    "epsg5174_y": null
  }
},
{
  "model": "api.placeinside",
  "pk": 144,
  "fields": {
    "name": "몰오브효자(Mall of hyoja)",
    "category": "복합쇼핑몰",
    "address_road": "전북특별자치도 전주시 완산구 용머리로 45 (효자동1가)",
    "address": "",
    "lon": 127.1158809507033,
    "lat": 35.80703462276577,
    "is_active": true,
    "source": "inside_xlsx",
    "created_at": "2025-09-19T07:37:23.648Z",
    "raw": {
      "Unnamed: 0": 63,
      "소재지전체주소": "",
      "도로명전체주소": "전북특별자치도 전주시 완산구 용머리로 45 (효자동1가)",
      "도로명우편번호": "560-856",
      "사업장명": "몰오브효자(Mall of hyoja)",
      "업태구분명": "복합쇼핑몰",
      "좌표정보x(epsg5174)": 210401.08065162,
      "좌표정보y(epsg5174)": 256333.133658056,
      "점포구분명": "대규모점포",
      "x": 210401.08065162,
      "y": 256333.133658056,
      "lon": 127.1158809507033,
      "lat": 35.80703462276577
    },
    "postal_code": "560-856",
    "epsg5174_x": null,
    "epsg5174_y": null
  }
},
{
  "model": "api.placeinside",
  "pk": 145,
  "fields": {
    "name": "화서역파크푸르지오 오피스텔&상가",
    "category": "복합쇼핑몰",
    "address_road": "경기도 수원시 장안구 대평로 27 (정자동, 화서역 파크푸르지오)",
    "address": "경기도 수원시 장안구 정자동 950 화서역 파크푸르지오",
    "lon": 126.9947041912042,
    "lat": 37.28981945986868,
    "is_active": true,
    "source": "inside_xlsx",
    "created_at": "2025-09-19T07:37:23.649Z",
    "raw": {
      "Unnamed: 0": 64,
      "소재지전체주소": "경기도 수원시 장안구 정자동 950 화서역 파크푸르지오",
      "도로명전체주소": "경기도 수원시 장안구 대평로 27 (정자동, 화서역 파크푸르지오)",
      "도로명우편번호": 16318,
      "사업장명": "화서역파크푸르지오 오피스텔&상가",
      "업태구분명": "복합쇼핑몰",
      "좌표정보x(epsg5174)": 199460.301398641,
      "좌표정보y(epsg5174)": 420871.789200422,
      "점포구분명": "대규모점포",
      "x": 199460.301398641,
      "y": 420871.789200422,
      "lon": 126.9947041912042,
      "lat": 37.28981945986868
    },
    "postal_code": "16318",
    "epsg5174_x": null,
    "epsg5174_y": null
  }
},
{
  "model": "api.placeinside",
  "pk": 146,
  "fields": {
    "name": "스타필드 안성",
    "category": "복합쇼핑몰",
    "address_road": "경기도 안성시 공도읍 서동대로 3980",
    "address": "경기도 안성시 공도읍 진사리 354번지 외 17필지",
    "lon": 127.1475364775288,
    "lat": 36.99437567777599,
    "is_active": true,
    "source": "inside_xlsx",
    "created_at": "2025-09-19T07:37:23.649Z",
    "raw": {
      "Unnamed: 0": 65,
      "소재지전체주소": "경기도 안성시 공도읍 진사리 354번지 외 17필지",
      "도로명전체주소": "경기도 안성시 공도읍 서동대로 3980",
      "도로명우편번호": 17563,
      "사업장명": "스타필드 안성",
      "업태구분명": "복합쇼핑몰",
      "좌표정보x(epsg5174)": 213062.918998049,
      "좌표정보y(epsg5174)": 388093.036705258,
      "점포구분명": "대규모점포",
      "x": 213062.918998049,
      "y": 388093.036705258,
      "lon": 127.1475364775288,
      "lat": 36.99437567777599
    },
    "postal_code": "17563",
    "epsg5174_x": null,
    "epsg5174_y": null
  }
},
{
  "model": "api.placeinside",
  "pk": 147,
  "fields": {
    "name": "드림플러스",
    "category": "복합쇼핑몰",
    "address_road": "충청북도 청주시 흥덕구 2순환로 1233 (가경동)",
    "address": "충청북도 청주시 흥덕구 가경동 1416-3번지",
    "lon": 127.4312369208091,
    "lat": 36.62617435926182,
    "is_active": true,
    "source": "inside_xlsx",
    "created_at": "2025-09-19T07:37:23.650Z",
    "raw": {
      "Unnamed: 0": 66,
      "소재지전체주소": "충청북도 청주시 흥덕구 가경동 1416-3번지",
      "도로명전체주소": "충청북도 청주시 흥덕구 2순환로 1233 (가경동)",
      "도로명우편번호": "",
      "사업장명": "드림플러스",
      "업태구분명": "복합쇼핑몰",
      "좌표정보x(epsg5174)": 238501.339424579,
      "좌표정보y(epsg5174)": 347307.952095035,
      "점포구분명": "대규모점포",
      "x": 238501.339424579,
      "y": 347307.952095035,
      "lon": 127.4312369208091,
      "lat": 36.62617435926182
    },
    "postal_code": "",
    "epsg5174_x": null,
    "epsg5174_y": null
  }
},
{
  "model": "api.placeinside",
  "pk": 148,
  "fields": {
    "name": "엔포드",
    "category": "복합쇼핑몰",
    "address_road": "충청북도 청주시 청원구 충청대로 114  (율량동)",
    "address": "충청북도 청주시 청원구 율량동 500-3번지",
    "lon": 127.4950371145957,
    "lat": 36.66671766211821,
    "is_active": true,
    "source": "inside_xlsx",
    "created_at": "2025-09-19T07:37:23.651Z",
    "raw": {
      "Unnamed: 0": 67,
      "소재지전체주소": "충청북도 청주시 청원구 율량동 500-3번지",
      "도로명전체주소": "충청북도 청주시 청원구 충청대로 114  (율량동)",
      "도로명우편번호": "",
      "사업장명": "엔포드",
      "업태구분명": "복합쇼핑몰",
      "좌표정보x(epsg5174)": 244184.944567344,
      "좌표정보y(epsg5174)": 351834.595747257,
      "점포구분명": "대규모점포",
      "x": 244184.944567344,
      "y": 351834.595747257,
      "lon": 127.4950371145957,
      "lat": 36.66671766211821
    },
    "postal_code": "",
    "epsg5174_x": null,
    "epsg5174_y": null
  }
},
{
  "model": "api.placeinside",
  "pk": 149,
  "fields": {
    "name": "지웰시티몰 Ⅱ",
    "category": "복합쇼핑몰",
    "address_road": "충청북도 청주시 흥덕구 대농로 47-1 (복대동)",
    "address": "충청북도 청주시 흥덕구 복대동 288-14번지",
    "lon": 127.4291931864494,
    "lat": 36.64302997370621,
    "is_active": true,
    "source": "inside_xlsx",
    "created_at": "2025-09-19T07:37:23.651Z",
    "raw": {
      "Unnamed: 0": 68,
      "소재지전체주소": "충청북도 청주시 흥덕구 복대동 288-14번지",
      "도로명전체주소": "충청북도 청주시 흥덕구 대농로 47-1 (복대동)",
      "도로명우편번호": "361-810",
      "사업장명": "지웰시티몰 Ⅱ",
      "업태구분명": "복합쇼핑몰",
      "좌표정보x(epsg5174)": 238310.202218021,
      "좌표정보y(epsg5174)": 349177.645947792,
      "점포구분명": "대규모점포",
      "x": 238310.202218021,
      "y": 349177.645947792,
      "lon": 127.4291931864494,
      "lat": 36.64302997370621
    },
    "postal_code": "361-810",
    "epsg5174_x": null,
    "epsg5174_y": null
  }
},
{
  "model": "api.placeinside",
  "pk": 150,
  "fields": {
    "name": "롯데프리미엄아울렛파주점",
    "category": "복합쇼핑몰",
    "address_road": "경기도 파주시 회동길 390, 롯데프리미엄아울렛 (문발동)",
    "address": "경기도 파주시 문발동 645 롯데프리미엄아울렛",
    "lon": 126.693776284771,
    "lat": 37.71775308043765,
    "is_active": true,
    "source": "inside_xlsx",
    "created_at": "2025-09-19T07:37:23.652Z",
    "raw": {
      "Unnamed: 0": 69,
      "소재지전체주소": "경기도 파주시 문발동 645 롯데프리미엄아울렛",
      "도로명전체주소": "경기도 파주시 회동길 390, 롯데프리미엄아울렛 (문발동)",
      "도로명우편번호": 10881,
      "사업장명": "롯데프리미엄아울렛파주점",
      "업태구분명": "복합쇼핑몰",
      "좌표정보x(epsg5174)": 172931.265518853,
      "좌표정보y(epsg5174)": 468411.848859123,
      "점포구분명": "대규모점포",
      "x": 172931.265518853,
      "y": 468411.848859123,
      "lon": 126.693776284771,
      "lat": 37.71775308043765
    },
    "postal_code": "10881",
    "epsg5174_x": null,
    "epsg5174_y": null
  }
},
{
  "model": "api.placeinside",
  "pk": 151,
  "fields": {
    "name": "트레이더스 홀세일 클럽 월평점",
    "category": "복합쇼핑몰",
    "address_road": "대전광역시 서구 한밭대로 580 (월평동)",
    "address": "대전광역시 서구 월평동 510번지",
    "lon": 127.3629735162063,
    "lat": 36.35768015035728,
    "is_active": true,
    "source": "inside_xlsx",
    "created_at": "2025-09-19T07:37:23.652Z",
    "raw": {
      "Unnamed: 0": 70,
      "소재지전체주소": "대전광역시 서구 월평동 510번지",
      "도로명전체주소": "대전광역시 서구 한밭대로 580 (월평동)",
      "도로명우편번호": "",
      "사업장명": "트레이더스 홀세일 클럽 월평점",
      "업태구분명": "복합쇼핑몰",
      "좌표정보x(epsg5174)": 232507.184505762,
      "좌표정보y(epsg5174)": 317488.107936776,
      "점포구분명": "대규모점포",
      "x": 232507.184505762,
      "y": 317488.107936776,
      "lon": 127.3629735162063,
      "lat": 36.35768015035728
    },
    "postal_code": "",
    "epsg5174_x": null,
    "epsg5174_y": null
  }
},
{
  "model": "api.placeinside",
  "pk": 152,
  "fields": {
    "name": "신 중앙시장",
    "category": "복합쇼핑몰",
    "address_road": "대전광역시 동구 중앙로200번길 85 (원동)",
    "address": "대전광역시 동구 원동 40번지 1호",
    "lon": 127.4336340450385,
    "lat": 36.32729778317325,
    "is_active": true,
    "source": "inside_xlsx",
    "created_at": "2025-09-19T07:37:23.653Z",
    "raw": {
      "Unnamed: 0": 71,
      "소재지전체주소": "대전광역시 동구 원동 40번지 1호",
      "도로명전체주소": "대전광역시 동구 중앙로200번길 85 (원동)",
      "도로명우편번호": "",
      "사업장명": "신 중앙시장",
      "업태구분명": "복합쇼핑몰",
      "좌표정보x(epsg5174)": 238864.463500619,
      "좌표정보y(epsg5174)": 314142.703940045,
      "점포구분명": "대규모점포",
      "x": 238864.463500619,
      "y": 314142.703940045,
      "lon": 127.4336340450385,
      "lat": 36.32729778317325
    },
    "postal_code": "",
    "epsg5174_x": null,
    "epsg5174_y": null
  }
},
{
  "model": "api.placeinside",
  "pk": 153,
  "fields": {
    "name": "고척산업용품상가",
    "category": "복합쇼핑몰",
    "address_road": "서울특별시 구로구 경인로43길 42 (고척동, 고척산업용품상가)",
    "address": "서울특별시 구로구 고척동 103번지 4호",
    "lon": 126.8607805615262,
    "lat": 37.49980866274303,
    "is_active": true,
    "source": "inside_xlsx",
    "created_at": "2025-09-19T07:37:23.654Z",
    "raw": {
      "Unnamed: 0": 72,
      "소재지전체주소": "서울특별시 구로구 고척동 103번지 4호",
      "도로명전체주소": "서울특별시 구로구 경인로43길 42 (고척동, 고척산업용품상가)",
      "도로명우편번호": "152-757",
      "사업장명": "고척산업용품상가",
      "업태구분명": "복합쇼핑몰",
      "좌표정보x(epsg5174)": 187619.596959162,
      "좌표정보y(epsg5174)": 444186.923109714,
      "점포구분명": "대규모점포",
      "x": 187619.596959162,
      "y": 444186.923109714,
      "lon": 126.8607805615262,
      "lat": 37.49980866274303
    },
    "postal_code": "152-757",
    "epsg5174_x": null,
    "epsg5174_y": null
  }
},
{
  "model": "api.placeinside",
  "pk": 154,
  "fields": {
    "name": "공구상가일번지관리단",
    "category": "복합쇼핑몰",
    "address_road": "서울특별시 구로구 경인로54길 4 (구로동)",
    "address": "서울특별시 구로구 구로동 636번지 62호",
    "lon": 126.8779071042299,
    "lat": 37.50061896077233,
    "is_active": true,
    "source": "inside_xlsx",
    "created_at": "2025-09-19T07:37:23.654Z",
    "raw": {
      "Unnamed: 0": 73,
      "소재지전체주소": "서울특별시 구로구 구로동 636번지 62호",
      "도로명전체주소": "서울특별시 구로구 경인로54길 4 (구로동)",
      "도로명우편번호": "",
      "사업장명": "공구상가일번지관리단",
      "업태구분명": "복합쇼핑몰",
      "좌표정보x(epsg5174)": 189134.15447044,
      "좌표정보y(epsg5174)": 444274.729874348,
      "점포구분명": "대규모점포",
      "x": 189134.15447044,
      "y": 444274.729874348,
      "lon": 126.8779071042299,
      "lat": 37.50061896077233
    },
    "postal_code": "",
    "epsg5174_x": null,
    "epsg5174_y": null
  }
},
{
  "model": "api.placeinside",
  "pk": 155,
  "fields": {
    "name": "일이삼전자타운",
    "category": "복합쇼핑몰",
    "address_road": "서울특별시 구로구 경인로 393-7 (고척동)",
    "address": "서울특별시 구로구 고척동 73번지 3호",
    "lon": 126.8631269755976,
    "lat": 37.49745623940571,
    "is_active": true,
    "source": "inside_xlsx",
    "created_at": "2025-09-19T07:37:23.655Z",
    "raw": {
      "Unnamed: 0": 74,
      "소재지전체주소": "서울특별시 구로구 고척동 73번지 3호",
      "도로명전체주소": "서울특별시 구로구 경인로 393-7 (고척동)",
      "도로명우편번호": "",
      "사업장명": "일이삼전자타운",
      "업태구분명": "복합쇼핑몰",
      "좌표정보x(epsg5174)": 187826.698183821,
      "좌표정보y(epsg5174)": 443925.52468616,
      "점포구분명": "대규모점포",
      "x": 187826.698183821,
      "y": 443925.52468616,
      "lon": 126.8631269755976,
      "lat": 37.49745623940571
    },
    "postal_code": "",
    "epsg5174_x": null,
    "epsg5174_y": null
  }
},
{
  "model": "api.placeinside",
  "pk": 156,
  "fields": {
    "name": "스타필드시티 부천점",
    "category": "복합쇼핑몰",
    "address_road": "",
    "address": "경기도 부천시 소사구 옥길동 768번지",
    "lon": 126.8139420655153,
    "lat": 37.46151683718071,
    "is_active": true,
    "source": "inside_xlsx",
    "created_at": "2025-09-19T07:37:23.655Z",
    "raw": {
      "Unnamed: 0": 75,
      "소재지전체주소": "경기도 부천시 소사구 옥길동 768번지",
      "도로명전체주소": "",
      "도로명우편번호": "",
      "사업장명": "스타필드시티 부천점",
      "업태구분명": "복합쇼핑몰",
      "좌표정보x(epsg5174)": 183469.36769705,
      "좌표정보y(epsg5174)": 439944.223220165,
      "점포구분명": "대규모점포",
      "x": 183469.36769705,
      "y": 439944.223220165,
      "lon": 126.8139420655153,
      "lat": 37.46151683718071
    },
    "postal_code": "",
    "epsg5174_x": null,
    "epsg5174_y": null
  }
},
{
  "model": "api.placeinside",
  "pk": 157,
  "fields": {
    "name": "롯데몰 동부산점",
    "category": "복합쇼핑몰",
    "address_road": "부산광역시 기장군 기장읍 기장해안로 147 (동부산관광단지내)",
    "address": "부산광역시 기장군 기장읍 당사리 64번지 외 106필지 (동부산관광단지 내)",
    "lon": 129.2128065290206,
    "lat": 35.19222483240454,
    "is_active": true,
    "source": "inside_xlsx",
    "created_at": "2025-09-19T07:37:23.656Z",
    "raw": {
      "Unnamed: 0": 76,
      "소재지전체주소": "부산광역시 기장군 기장읍 당사리 64번지 외 106필지 (동부산관광단지 내)",
      "도로명전체주소": "부산광역시 기장군 기장읍 기장해안로 147 (동부산관광단지내)",
      "도로명우편번호": "619-902",
      "사업장명": "롯데몰 동부산점",
      "업태구분명": "복합쇼핑몰",
      "좌표정보x(epsg5174)": 401473.950698586,
      "좌표정보y(epsg5174)": 190354.255834345,
      "점포구분명": "대규모점포",
      "x": 401473.950698586,
      "y": 190354.255834345,
      "lon": 129.2128065290206,
      "lat": 35.19222483240454
    },
    "postal_code": "619-902",
    "epsg5174_x": null,
    "epsg5174_y": null
  }
},
{
  "model": "api.placeinside",
  "pk": 158,
  "fields": {
    "name": "아트몰링 부산점",
    "category": "복합쇼핑몰",
    "address_road": "부산광역시 사하구 낙동남로 1413 (하단동)",
    "address": "부산광역시 사하구 하단동 526번지 6호",
    "lon": 128.9663681125044,
    "lat": 35.10668083297615,
    "is_active": true,
    "source": "inside_xlsx",
    "created_at": "2025-09-19T07:37:23.657Z",
    "raw": {
      "Unnamed: 0": 77,
      "소재지전체주소": "부산광역시 사하구 하단동 526번지 6호",
      "도로명전체주소": "부산광역시 사하구 낙동남로 1413 (하단동)",
      "도로명우편번호": 49311,
      "사업장명": "아트몰링 부산점",
      "업태구분명": "복합쇼핑몰",
      "좌표정보x(epsg5174)": 379212.079721725,
      "좌표정보y(epsg5174)": 180390.068955488,
      "점포구분명": "대규모점포",
      "x": 379212.079721725,
      "y": 180390.068955488,
      "lon": 128.9663681125044,
      "lat": 35.10668083297615
    },
    "postal_code": "49311",
    "epsg5174_x": null,
    "epsg5174_y": null
  }
},
{
  "model": "api.placeinside",
  "pk": 159,
  "fields": {
    "name": "주식회사엠지엘",
    "category": "복합쇼핑몰",
    "address_road": "충청남도 아산시 번영로 225 (모종동)",
    "address": "충청남도 아산시 모종동 555번지 9호",
    "lon": 127.0158204711341,
    "lat": 36.78473538200721,
    "is_active": true,
    "source": "inside_xlsx",
    "created_at": "2025-09-19T07:37:23.657Z",
    "raw": {
      "Unnamed: 0": 78,
      "소재지전체주소": "충청남도 아산시 모종동 555번지 9호",
      "도로명전체주소": "충청남도 아산시 번영로 225 (모종동)",
      "도로명우편번호": "",
      "사업장명": "주식회사엠지엘",
      "업태구분명": "복합쇼핑몰",
      "좌표정보x(epsg5174)": 201341.191554264,
      "좌표정보y(epsg5174)": 364818.034415495,
      "점포구분명": "대규모점포",
      "x": 201341.191554264,
      "y": 364818.034415495,
      "lon": 127.0158204711341,
      "lat": 36.78473538200721
    },
    "postal_code": "",
    "epsg5174_x": null,
    "epsg5174_y": null
  }
},
{
  "model": "api.placeinside",
  "pk": 160,
  "fields": {
    "name": "롯데프리미엄아울렛파주점",
    "category": "복합쇼핑몰",
    "address_road": "경기도 회동길 390",
    "address": "경기도 파주시 문발동 104번지 1호 외",
    "lon": 126.693776284771,
    "lat": 37.71775308043765,
    "is_active": true,
    "source": "inside_xlsx",
    "created_at": "2025-09-19T07:37:23.658Z",
    "raw": {
      "Unnamed: 0": 79,
      "소재지전체주소": "경기도 파주시 문발동 104번지 1호 외",
      "도로명전체주소": "경기도 회동길 390",
      "도로명우편번호": "413-120",
      "사업장명": "롯데프리미엄아울렛파주점",
      "업태구분명": "복합쇼핑몰",
      "좌표정보x(epsg5174)": 172931.265518853,
      "좌표정보y(epsg5174)": 468411.848859123,
      "점포구분명": "대규모점포",
      "x": 172931.265518853,
      "y": 468411.848859123,
      "lon": 126.693776284771,
      "lat": 37.71775308043765
    },
    "postal_code": "413-120",
    "epsg5174_x": null,
    "epsg5174_y": null
  }
},
{
  "model": "api.placeinside",
  "pk": 161,
  "fields": {
    "name": "뉴코아아울렛평택점",
    "category": "복합쇼핑몰",
    "address_road": "경기도 평택시 경기대로 279 (비전동)",
    "address": "경기도 평택시 비전동 830번지 1호",
    "lon": 127.1125442332701,
    "lat": 36.99544991247896,
    "is_active": true,
    "source": "inside_xlsx",
    "created_at": "2025-09-19T07:37:23.659Z",
    "raw": {
      "Unnamed: 0": 80,
      "소재지전체주소": "경기도 평택시 비전동 830번지 1호",
      "도로명전체주소": "경기도 평택시 경기대로 279 (비전동)",
      "도로명우편번호": "",
      "사업장명": "뉴코아아울렛평택점",
      "업태구분명": "복합쇼핑몰",
      "좌표정보x(epsg5174)": 209947.80648191,
      "좌표정보y(epsg5174)": 388208.048761482,
      "점포구분명": "대규모점포",
      "x": 209947.80648191,
      "y": 388208.048761482,
      "lon": 127.1125442332701,
      "lat": 36.99544991247896
    },
    "postal_code": "",
    "epsg5174_x": null,
    "epsg5174_y": null
  }
},
{
  "model": "api.placeinside",
  "pk": 162,
  "fields": {
    "name": "이천 롯데프리미엄 아울렛",
    "category": "복합쇼핑몰",
    "address_road": "경기도 이천시 호법면 프리미엄아울렛로 177-74",
    "address": "경기도 이천시 호법면 단천리 산 48번지 1호",
    "lon": 127.4004523467042,
    "lat": 37.24201321813511,
    "is_active": true,
    "source": "inside_xlsx",
    "created_at": "2025-09-19T07:37:23.660Z",
    "raw": {
      "Unnamed: 0": 81,
      "소재지전체주소": "경기도 이천시 호법면 단천리 산 48번지 1호",
      "도로명전체주소": "경기도 이천시 호법면 프리미엄아울렛로 177-74",
      "도로명우편번호": "467-821",
      "사업장명": "이천 롯데프리미엄 아울렛",
      "업태구분명": "복합쇼핑몰",
      "좌표정보x(epsg5174)": 235461.813044175,
      "좌표정보y(epsg5174)": 415640.639277805,
      "점포구분명": "대규모점포",
      "x": 235461.813044175,
      "y": 415640.639277805,
      "lon": 127.4004523467042,
      "lat": 37.24201321813511
    },
    "postal_code": "467-821",
    "epsg5174_x": null,
    "epsg5174_y": null
  }
},
{
  "model": "api.placeinside",
  "pk": 163,
  "fields": {
    "name": "코엑스 몰",
    "category": "복합쇼핑몰",
    "address_road": "서울특별시 강남구 영동대로 513 (삼성동)",
    "address": "서울특별시 강남구 삼성동 159번지 1호 외",
    "lon": 127.0611933146357,
    "lat": 37.51039790008076,
    "is_active": true,
    "source": "inside_xlsx",
    "created_at": "2025-09-19T07:37:23.661Z",
    "raw": {
      "Unnamed: 0": 82,
      "소재지전체주소": "서울특별시 강남구 삼성동 159번지 1호 외",
      "도로명전체주소": "서울특별시 강남구 영동대로 513 (삼성동)",
      "도로명우편번호": "135-731",
      "사업장명": "코엑스 몰",
      "업태구분명": "복합쇼핑몰",
      "좌표정보x(epsg5174)": 205340.631121567,
      "좌표정보y(epsg5174)": 445354.571117445,
      "점포구분명": "대규모점포",
      "x": 205340.631121567,
      "y": 445354.571117445,
      "lon": 127.0611933146357,
      "lat": 37.51039790008076
    },
    "postal_code": "135-731",
    "epsg5174_x": null,
    "epsg5174_y": null
  }
},
{
  "model": "api.placeinside",
  "pk": 164,
  "fields": {
    "name": "강남시장",
    "category": "복합쇼핑몰",
    "address_road": "서울특별시 강남구 압구정로2길 46 (신사동)",
    "address": "서울특별시 강남구 신사동 510번지 11호",
    "lon": 127.0206686042974,
    "lat": 37.51877161786243,
    "is_active": true,
    "source": "inside_xlsx",
    "created_at": "2025-09-19T07:37:23.662Z",
    "raw": {
      "Unnamed: 0": 83,
      "소재지전체주소": "서울특별시 강남구 신사동 510번지 11호",
      "도로명전체주소": "서울특별시 강남구 압구정로2길 46 (신사동)",
      "도로명우편번호": "135-887",
      "사업장명": "강남시장",
      "업태구분명": "복합쇼핑몰",
      "좌표정보x(epsg5174)": 201757.494098748,
      "좌표정보y(epsg5174)": 446282.45446652,
      "점포구분명": "대규모점포",
      "x": 201757.494098748,
      "y": 446282.45446652,
      "lon": 127.0206686042974,
      "lat": 37.51877161786243
    },
    "postal_code": "135-887",
    "epsg5174_x": null,
    "epsg5174_y": null
  }
}
]

